"age","duration","campaign","emp.var.rate","cons.price.idx","cons.conf.idx","euribor3m","nr.employed","job","marital","education","loan","month","day_of_week","y"
50,224,5,1.1,93.994,-36.4,4.856,5191,"technician","married","high.school","no","may","wed","no"
38,268,1,1.4,93.918,-42.7,4.963,5228.1,"technician","single","professional.course","no","jul","thu","no"
32,77,2,-0.1,93.2,-42,4.12,5195.8,"blue-collar","single","high.school",NA,"nov","wed","no"
37,204,3,1.4,93.918,-42.7,4.962,5228.1,"admin.","married","high.school","no","jul","mon","no"
26,389,1,1.1,93.994,-36.4,4.859,5191,"blue-collar","married","basic.6y","no","may","wed","no"
30,114,2,1.1,93.994,-36.4,4.857,5191,"student","single",NA,"no","may","mon","no"
20,137,3,-1.1,94.601,-49.5,0.977,4963.6,"student","single",NA,"no","oct","mon","no"
29,231,2,-1.8,92.893,-46.2,1.281,5099.1,"technician","single","professional.course","no","may","wed","no"
45,166,12,1.1,93.994,-36.4,4.857,5191,"services","divorced","high.school","no","may","mon","no"
30,207,1,1.1,93.994,-36.4,4.858,5191,"housemaid","married","high.school","no","may","wed","no"
32,107,1,1.4,93.444,-36.1,4.963,5228.1,"admin.","single","university.degree",NA,"aug","fri","no"
29,347,3,-1.7,94.055,-39.8,0.702,4991.6,"admin.","married","university.degree","yes","jun","tue","yes"
49,151,1,1.4,93.444,-36.1,4.966,5228.1,"admin.","married","high.school","no","aug","fri","no"
29,468,2,-1.8,92.893,-46.2,1.313,5099.1,"management","single","university.degree","no","may","fri","no"
47,232,2,-2.9,92.201,-31.4,0.843,5076.2,"housemaid","married","university.degree","no","aug","mon","yes"
60,430,2,1.4,93.444,-36.1,4.97,5228.1,"retired","married","university.degree","no","aug","mon","no"
45,252,2,1.4,94.465,-41.8,4.96,5228.1,"blue-collar","married","basic.6y","no","jun","mon","no"
32,259,2,1.4,93.918,-42.7,4.963,5228.1,"blue-collar","married","high.school","no","jul","wed","no"
26,588,1,1.4,93.918,-42.7,4.963,5228.1,"services","single","high.school",NA,"jul","wed","no"
56,123,3,1.4,93.918,-42.7,4.962,5228.1,"blue-collar","divorced","basic.9y","yes","jul","mon","no"
40,498,1,1.4,93.918,-42.7,4.962,5228.1,"blue-collar","single","professional.course","no","jul","thu","no"
40,141,3,1.4,93.918,-42.7,4.96,5228.1,"technician","married","basic.9y","no","jul","mon","no"
34,204,5,-1.8,93.075,-47.1,1.405,5099.1,"blue-collar","divorced","basic.4y","no","apr","fri","no"
39,195,1,-1.8,92.893,-46.2,1.327,5099.1,"blue-collar","married","basic.6y","yes","may","thu","no"
32,281,1,1.4,94.465,-41.8,4.958,5228.1,"technician","married","university.degree","no","jun","thu","no"
44,194,3,1.1,93.994,-36.4,4.859,5191,"blue-collar","married","basic.6y","no","may","fri","no"
69,207,2,-1.8,93.075,-47.1,1.423,5099.1,"retired","divorced","university.degree","no","apr","tue","yes"
54,39,2,1.4,94.465,-41.8,4.864,5228.1,"entrepreneur","married","university.degree","no","jun","wed","no"
29,215,1,-1.8,93.369,-34.8,0.639,5008.7,"admin.","single","university.degree","no","mar","mon","yes"
31,429,1,-1.8,93.876,-40,0.695,5008.7,"services","single","basic.9y",NA,"may","fri","no"
51,295,1,-1.8,92.893,-46.2,1.299,5099.1,"entrepreneur","married","professional.course","no","may","mon","no"
52,211,1,-1.8,93.876,-40,0.677,5008.7,"technician","married","university.degree","no","may","thu","yes"
56,580,3,1.4,93.918,-42.7,4.961,5228.1,"retired","married","basic.4y","no","jul","tue","no"
50,90,1,-0.1,93.2,-42,4.153,5195.8,"services","married","high.school","no","nov","tue","no"
27,148,1,1.1,93.994,-36.4,4.857,5191,"technician","single","professional.course","no","may","tue","no"
38,189,1,1.1,93.994,-36.4,4.857,5191,"admin.","single","university.degree","no","may","tue","no"
39,919,2,1.1,93.994,-36.4,4.856,5191,"services","married","high.school","no","may","tue","no"
37,107,1,-1.8,92.893,-46.2,1.344,5099.1,"management","single","university.degree","no","may","tue","no"
59,142,1,1.4,93.918,-42.7,4.963,5228.1,"technician","divorced","basic.9y","no","jul","wed","no"
41,206,1,1.4,93.444,-36.1,4.965,5228.1,"admin.","married","university.degree","no","aug","wed","no"
41,348,2,1.1,93.994,-36.4,4.857,5191,"technician","married","professional.course","no","may","tue","no"
26,235,1,-1.7,94.215,-40.3,0.893,4991.6,"student","single","high.school","no","jul","tue","no"
48,203,7,1.4,93.444,-36.1,4.967,5228.1,"admin.","married","university.degree","no","aug","wed","no"
34,289,1,1.1,93.994,-36.4,4.857,5191,"blue-collar","single","basic.9y","no","may","mon","no"
82,279,3,-1.1,94.199,-37.5,0.877,4963.6,"housemaid","married","basic.4y","no","sep","tue","yes"
51,246,3,1.4,93.444,-36.1,4.963,5228.1,"technician","married","professional.course","yes","aug","thu","no"
47,140,2,1.4,93.444,-36.1,4.97,5228.1,"services","married","high.school","no","aug","mon","no"
46,199,2,-1.1,94.767,-50.8,1.048,4963.6,"admin.","single","high.school","no","nov","mon","no"
57,153,2,1.4,93.444,-36.1,4.965,5228.1,"services","married","professional.course","no","aug","mon","no"
53,75,3,-1.8,93.075,-47.1,1.372,5099.1,"admin.","single","high.school","yes","apr","wed","no"
33,74,1,-1.8,92.893,-46.2,1.264,5099.1,"unemployed","married","high.school","no","may","mon","no"
43,456,1,1.1,93.994,-36.4,4.86,5191,"unemployed","married","university.degree","no","may","thu","no"
42,273,6,1.4,93.444,-36.1,4.964,5228.1,"admin.","married","university.degree","no","aug","wed","no"
30,72,3,1.1,93.994,-36.4,4.864,5191,"blue-collar","single","basic.6y","no","may","fri","no"
41,239,1,-1.8,92.893,-46.2,1.25,5099.1,"blue-collar","married","high.school","no","may","fri","no"
45,37,4,1.4,94.465,-41.8,4.959,5228.1,"management","married","basic.9y","no","jun","fri","no"
49,671,2,-0.1,93.2,-42,4.021,5195.8,"unemployed","married","high.school","no","nov","fri","no"
29,146,1,-1.8,92.893,-46.2,1.281,5099.1,"blue-collar","single","high.school","yes","may","wed","no"
34,468,1,1.4,93.444,-36.1,4.965,5228.1,"technician","single","professional.course","no","aug","mon","no"
33,201,1,-1.8,92.893,-46.2,1.281,5099.1,"technician","single","professional.course","no","may","wed","no"
45,121,4,1.1,93.994,-36.4,4.857,5191,"technician","single","professional.course","no","may","tue","no"
27,130,1,1.4,93.918,-42.7,4.958,5228.1,"admin.","single","high.school","no","jul","thu","no"
29,289,2,1.4,93.918,-42.7,4.963,5228.1,"services","single","high.school","no","jul","fri","no"
50,121,2,1.1,93.994,-36.4,4.859,5191,"technician","married","professional.course","no","may","fri","no"
55,185,1,1.4,93.918,-42.7,4.962,5228.1,NA,"married","basic.4y","yes","jul","thu","no"
36,84,3,1.1,93.994,-36.4,4.857,5191,"admin.","divorced","high.school","no","may","mon","no"
35,70,6,1.1,93.994,-36.4,4.857,5191,"services","married","basic.6y","no","may","mon","no"
56,135,1,1.4,93.918,-42.7,4.963,5228.1,"retired","married","professional.course","no","jul","wed","no"
51,139,1,1.4,93.918,-42.7,4.962,5228.1,"blue-collar","married","basic.4y","no","jul","wed","no"
46,163,2,-1.8,92.843,-50,1.614,5099.1,"technician","married","professional.course","no","mar","tue","no"
53,706,1,1.4,94.465,-41.8,4.959,5228.1,"blue-collar","divorced","basic.4y","no","jun","wed","yes"
28,171,1,1.4,93.918,-42.7,4.962,5228.1,"services","married","high.school","no","jul","tue","no"
46,55,2,1.4,93.444,-36.1,4.965,5228.1,"admin.","married","university.degree","no","aug","tue","no"
58,1045,1,1.1,93.994,-36.4,4.856,5191,"retired","married","basic.4y","no","may","tue","yes"
31,17,5,-0.1,93.2,-42,4.12,5195.8,"technician","married","basic.9y","no","nov","wed","no"
44,121,2,1.4,93.918,-42.7,4.961,5228.1,"technician","divorced","professional.course","no","jul","tue","no"
56,109,1,-0.1,93.2,-42,4.021,5195.8,"unemployed","divorced","high.school","no","nov","fri","no"
40,201,2,1.1,93.994,-36.4,4.855,5191,"blue-collar","single","basic.6y","no","may","thu","no"
32,89,5,1.4,93.918,-42.7,4.961,5228.1,"blue-collar","married","basic.9y","no","jul","tue","no"
40,377,3,-1.8,93.075,-47.1,1.466,5099.1,"services","married","high.school","no","apr","mon","no"
31,237,3,1.4,94.465,-41.8,4.866,5228.1,"admin.","single","university.degree","no","jun","thu","no"
40,179,2,1.4,94.465,-41.8,4.959,5228.1,"technician","married","professional.course","no","jun","fri","no"
33,384,1,1.4,93.918,-42.7,4.957,5228.1,"admin.","married","university.degree","no","jul","fri","no"
46,332,3,-1.8,93.075,-47.1,1.423,5099.1,"blue-collar","divorced","basic.9y","no","apr","tue","no"
54,34,16,1.4,94.465,-41.8,4.967,5228.1,"admin.","married",NA,"no","jun","fri","no"
60,105,3,1.4,93.918,-42.7,4.963,5228.1,"blue-collar","divorced","basic.4y","no","jul","wed","no"
34,114,2,1.4,93.918,-42.7,4.968,5228.1,"technician","married","university.degree","yes","jul","thu","no"
31,590,3,1.4,94.465,-41.8,4.866,5228.1,"blue-collar","single","basic.4y","no","jun","thu","yes"
36,219,2,-1.8,92.893,-46.2,1.299,5099.1,"technician","married","university.degree","no","may","mon","no"
39,131,1,1.4,93.918,-42.7,4.962,5228.1,"admin.","married","basic.9y","no","jul","wed","no"
38,202,3,-1.8,92.893,-46.2,1.244,5099.1,"technician","single","professional.course","no","may","mon","no"
39,979,9,1.4,94.465,-41.8,4.961,5228.1,"admin.","married","university.degree","no","jun","tue","no"
46,499,1,-0.1,93.2,-42,4.12,5195.8,"management","divorced","high.school","no","nov","wed","no"
34,83,2,-1.8,92.893,-46.2,1.313,5099.1,"technician","married","professional.course","no","may","fri","no"
32,175,1,1.1,93.994,-36.4,4.857,5191,"admin.","married","university.degree","yes","may","mon","no"
51,142,2,1.1,93.994,-36.4,4.856,5191,"entrepreneur","married","basic.9y","no","may","tue","no"
44,253,1,-1.8,93.075,-47.1,1.41,5099.1,"blue-collar","married","high.school","no","apr","thu","no"
54,255,3,1.4,94.465,-41.8,4.962,5228.1,"management","married","basic.6y","no","jun","wed","no"
35,236,1,1.1,93.994,-36.4,4.857,5191,"admin.","married","high.school","yes","may","tue","no"
45,38,2,1.4,93.444,-36.1,4.965,5228.1,"entrepreneur","married","university.degree","yes","aug","mon","no"
54,217,7,-1.8,92.893,-46.2,1.313,5099.1,"technician","married","university.degree","no","may","fri","no"
44,230,1,-1.8,93.075,-47.1,1.479,5099.1,"management","divorced","university.degree","no","apr","fri","no"
31,209,1,-1.7,94.027,-38.3,0.898,4991.6,"self-employed","single","university.degree","no","aug","mon","no"
58,184,1,1.1,93.994,-36.4,4.86,5191,"blue-collar","married","basic.4y","no","may","thu","no"
46,170,4,1.1,93.994,-36.4,4.864,5191,"technician","married","university.degree","no","may","fri","no"
35,188,6,1.1,93.994,-36.4,4.86,5191,"self-employed","married","university.degree","yes","may","thu","no"
49,16,1,-1.8,92.893,-46.2,1.354,5099.1,"admin.","married","university.degree","yes","may","mon","no"
28,208,1,1.1,93.994,-36.4,4.857,5191,"student","single","university.degree","no","may","mon","no"
42,33,2,-1.8,92.893,-46.2,1.244,5099.1,"technician","single","university.degree","no","may","mon","no"
31,97,2,1.1,93.994,-36.4,4.856,5191,"blue-collar","married","basic.9y","no","may","tue","no"
34,145,2,1.4,93.918,-42.7,4.962,5228.1,"admin.","married","university.degree","no","jul","tue","no"
32,76,17,1.1,93.994,-36.4,4.859,5191,"technician","divorced","professional.course","no","may","fri","no"
32,361,2,-1.8,92.893,-46.2,1.291,5099.1,"technician","single","high.school","no","may","tue","no"
56,98,1,1.1,93.994,-36.4,4.857,5191,"unemployed","divorced","university.degree","no","may","fri","no"
32,73,7,1.1,93.994,-36.4,4.858,5191,"management","single","basic.4y","no","may","mon","no"
31,112,3,1.4,93.444,-36.1,4.968,5228.1,"admin.","married","university.degree","no","aug","thu","no"
58,528,1,1.4,93.444,-36.1,4.966,5228.1,"admin.","married","high.school","no","aug","fri","no"
36,44,3,1.4,93.918,-42.7,4.96,5228.1,"entrepreneur","married",NA,"no","jul","mon","no"
43,193,1,1.1,93.994,-36.4,4.857,5191,"blue-collar","married","basic.4y","no","may","tue","no"
29,155,2,-0.1,93.2,-42,4.153,5195.8,"technician","single","high.school","no","nov","tue","no"
37,90,4,1.4,94.465,-41.8,4.961,5228.1,"blue-collar","married","high.school","no","jun","mon","no"
36,90,2,1.4,93.918,-42.7,4.962,5228.1,"management","married","university.degree","yes","jul","thu","no"
30,53,6,1.4,93.918,-42.7,4.959,5228.1,"admin.","married","high.school","no","jul","fri","no"
46,423,1,1.1,93.994,-36.4,4.856,5191,"admin.","divorced","basic.9y","no","may","wed","no"
43,99,3,1.4,94.465,-41.8,4.961,5228.1,"technician","divorced","professional.course","no","jun","mon","no"
48,454,4,1.4,94.465,-41.8,4.958,5228.1,"blue-collar","married","basic.9y","no","jun","thu","no"
48,288,1,-1.7,94.027,-38.3,0.9,4991.6,"admin.","married","university.degree","yes","aug","wed","yes"
37,157,4,-1.8,92.893,-46.2,1.344,5099.1,"services","married","high.school","no","may","tue","no"
45,239,1,-1.8,92.893,-46.2,1.327,5099.1,"management","married","university.degree","no","may","thu","no"
42,262,2,-1.8,92.893,-46.2,1.313,5099.1,"blue-collar","married","professional.course","no","may","fri","no"
45,829,1,-1.8,92.843,-50,1.51,5099.1,"blue-collar","married","basic.9y","no","mar","tue","no"
33,46,3,1.4,93.444,-36.1,4.967,5228.1,"housemaid","single","university.degree","no","aug","wed","no"
25,101,1,-1.8,92.893,-46.2,1.334,5099.1,"admin.","single","university.degree","no","may","wed","no"
33,166,3,1.1,93.994,-36.4,4.855,5191,"management","married","university.degree","no","may","thu","no"
40,211,1,1.1,93.994,-36.4,4.857,5191,"blue-collar","married","basic.6y","no","may","tue","no"
40,250,1,1.4,93.918,-42.7,4.962,5228.1,"admin.","single","university.degree","no","jul","fri","no"
29,718,13,1.4,94.465,-41.8,4.866,5228.1,"blue-collar","married","high.school","no","jun","thu","no"
33,153,1,1.4,93.444,-36.1,4.963,5228.1,"technician","married","university.degree","no","aug","tue","no"
33,85,1,1.4,93.918,-42.7,4.962,5228.1,"self-employed","single","professional.course","no","jul","tue","no"
32,174,1,1.4,94.465,-41.8,4.959,5228.1,"services","married","high.school","no","jun","fri","no"
31,150,1,1.4,93.444,-36.1,4.963,5228.1,"technician","single","professional.course","no","aug","tue","no"
22,161,4,1.4,93.918,-42.7,4.963,5228.1,"blue-collar","married","professional.course","no","jul","fri","no"
35,121,4,-2.9,92.963,-40.8,1.26,5076.2,"admin.","married","university.degree","no","jun","thu","yes"
38,284,1,1.4,94.465,-41.8,4.864,5228.1,"admin.","single","university.degree","no","jun","tue","no"
55,233,1,-3.4,92.431,-26.9,0.739,5017.5,"entrepreneur","married","professional.course","yes","oct","mon","no"
44,259,1,1.1,93.994,-36.4,4.858,5191,"entrepreneur","married","professional.course","no","may","mon","no"
57,10,5,-1.8,92.893,-46.2,1.25,5099.1,"management","married","basic.4y","no","may","fri","no"
55,228,2,1.4,94.465,-41.8,4.865,5228.1,"retired","divorced","basic.6y","no","jun","mon","no"
54,178,4,1.4,93.918,-42.7,4.962,5228.1,"self-employed","divorced","high.school","no","jul","mon","no"
46,165,3,1.4,93.918,-42.7,4.968,5228.1,"technician","divorced","professional.course","no","jul","thu","no"
30,111,2,-1.8,92.893,-46.2,1.244,5099.1,"services","single","high.school","no","may","mon","no"
59,464,1,1.4,93.918,-42.7,4.962,5228.1,"technician","married","professional.course","no","jul","thu","no"
25,244,1,-1.1,94.767,-50.8,1.041,4963.6,"student","single","high.school","no","nov","thu","yes"
45,559,7,1.4,94.465,-41.8,4.864,5228.1,"services","married","high.school","no","jun","tue","no"
31,84,1,-1.8,92.893,-46.2,1.334,5099.1,"technician","single",NA,"no","may","wed","no"
27,156,2,-1.8,93.075,-47.1,1.405,5099.1,"admin.","single","university.degree","no","apr","fri","yes"
42,81,7,1.4,93.444,-36.1,4.963,5228.1,"admin.","married","university.degree","yes","aug","fri","no"
42,122,1,-2.9,92.963,-40.8,1.099,5076.2,"services","married","university.degree",NA,"jun","tue","no"
42,428,3,-1.8,92.893,-46.2,1.266,5099.1,"blue-collar","married",NA,"yes","may","thu","no"
37,481,1,1.4,93.444,-36.1,4.968,5228.1,"housemaid","married","high.school","no","aug","thu","no"
66,210,1,-1.8,92.893,-46.2,1.259,5099.1,"housemaid","married","high.school","no","may","fri","no"
38,258,1,1.4,94.465,-41.8,4.864,5228.1,"blue-collar","married","basic.6y","no","jun","tue","no"
38,145,3,-0.1,93.2,-42,4.12,5195.8,"blue-collar","married","basic.9y","no","nov","wed","no"
34,192,1,-2.9,92.963,-40.8,1.26,5076.2,"management","married","university.degree","yes","jun","wed","no"
47,74,6,-1.8,92.893,-46.2,1.334,5099.1,"blue-collar","married","basic.9y","yes","may","wed","no"
42,176,1,-0.1,93.2,-42,4.191,5195.8,"housemaid","married","university.degree","no","nov","mon","no"
60,600,2,1.4,93.444,-36.1,4.965,5228.1,"retired","married",NA,"no","aug","mon","yes"
58,158,3,-0.1,93.2,-42,4.021,5195.8,"retired","married","professional.course","no","nov","fri","no"
29,54,1,-1.8,92.893,-46.2,1.281,5099.1,"blue-collar","married","basic.9y","no","may","wed","no"
49,103,1,1.4,93.444,-36.1,4.964,5228.1,"admin.","single","high.school","no","aug","thu","no"
45,165,1,-1.8,93.876,-40,0.692,5008.7,"management","married","basic.9y","no","may","thu","no"
52,412,1,1.1,93.994,-36.4,4.859,5191,"management","married","university.degree","no","may","fri","no"
30,327,2,-1.1,94.199,-37.5,0.879,4963.6,"technician","single","university.degree","no","sep","thu","yes"
34,114,1,1.4,93.444,-36.1,4.964,5228.1,"admin.","single","university.degree","no","aug","fri","no"
46,63,1,1.4,94.465,-41.8,4.865,5228.1,"technician","married","professional.course","yes","jun","mon","no"
26,71,1,1.4,94.465,-41.8,4.864,5228.1,"blue-collar","married","basic.9y","no","jun","wed","no"
57,153,1,1.4,93.918,-42.7,4.962,5228.1,"blue-collar","married","basic.4y","no","jul","fri","no"
34,175,1,-0.1,93.2,-42,4.12,5195.8,"management","single","high.school","no","nov","wed","no"
38,169,1,1.4,94.465,-41.8,4.865,5228.1,"admin.","married","high.school","no","jun","mon","no"
29,431,2,-2.9,92.963,-40.8,1.26,5076.2,"services","single","high.school","yes","jun","wed","yes"
33,9,17,1.4,93.918,-42.7,4.96,5228.1,"technician","married","professional.course","no","jul","mon","no"
41,341,2,1.1,93.994,-36.4,4.855,5191,"management","divorced","university.degree","yes","may","thu","no"
50,192,2,1.1,93.994,-36.4,4.857,5191,"blue-collar","married","basic.9y","no","may","mon","no"
44,73,3,1.1,93.994,-36.4,4.857,5191,"blue-collar","married","high.school","no","may","mon","no"
46,1135,2,1.1,93.994,-36.4,4.859,5191,"technician","married","basic.9y","no","may","fri","no"
34,141,2,-1.1,94.767,-50.8,1.05,4963.6,"admin.","married","university.degree","no","nov","mon","no"
54,164,2,-3.4,92.431,-26.9,0.722,5017.5,"retired","married","basic.4y","yes","oct","thu","yes"
31,132,22,1.1,93.994,-36.4,4.86,5191,"admin.","single","high.school","no","may","thu","no"
34,95,1,-1.8,92.893,-46.2,1.299,5099.1,"technician","married","basic.9y","no","may","mon","no"
34,145,1,1.4,93.444,-36.1,4.965,5228.1,"admin.","single","university.degree","no","aug","mon","no"
25,23,1,-1.8,92.893,-46.2,1.299,5099.1,"blue-collar","single","high.school","no","may","mon","no"
24,401,2,1.1,93.994,-36.4,4.858,5191,"services","single","high.school","no","may","mon","no"
39,83,2,1.4,94.465,-41.8,4.961,5228.1,"technician","married","professional.course","no","jun","tue","no"
45,10,16,1.4,94.465,-41.8,4.961,5228.1,"blue-collar","married","basic.9y","no","jun","thu","no"
30,70,1,1.4,93.918,-42.7,4.957,5228.1,"admin.","married","university.degree","no","jul","fri","no"
54,193,1,1.4,93.918,-42.7,4.962,5228.1,"technician","married","high.school","yes","jul","thu","no"
33,69,1,-0.1,93.2,-42,4.12,5195.8,"services","married","high.school","yes","nov","wed","no"
27,195,4,-1.8,92.893,-46.2,1.25,5099.1,"admin.","single","basic.6y","no","may","fri","no"
53,172,2,1.1,93.994,-36.4,4.86,5191,"admin.","divorced","university.degree","yes","may","thu","no"
32,6,6,-1.8,93.075,-47.1,1.405,5099.1,"services","married","high.school","yes","apr","mon","no"
39,183,1,1.4,93.444,-36.1,4.963,5228.1,"housemaid","married","basic.4y","no","aug","thu","no"
37,271,1,-1.8,92.893,-46.2,1.327,5099.1,"blue-collar","married","basic.9y","no","may","thu","no"
44,96,2,-2.9,92.201,-31.4,0.879,5076.2,"admin.","married","university.degree","no","aug","wed","no"
34,78,2,1.4,94.465,-41.8,4.967,5228.1,"blue-collar","married","basic.4y","no","jun","fri","no"
33,482,1,-1.1,94.767,-50.8,1.049,4963.6,"admin.","married","university.degree","no","nov","fri","yes"
50,84,2,1.4,93.918,-42.7,4.958,5228.1,"blue-collar","married",NA,"no","jul","thu","no"
35,231,2,-0.1,93.2,-42,4.153,5195.8,"blue-collar","married","basic.9y","no","nov","tue","no"
60,17,13,1.4,93.444,-36.1,4.965,5228.1,"self-employed","married","basic.9y","no","aug","tue","no"
53,247,5,-1.8,93.369,-34.8,0.646,5008.7,"technician","married","professional.course","no","mar","mon","no"
32,131,3,1.4,94.465,-41.8,4.866,5228.1,"services","single","basic.6y",NA,"jun","thu","no"
31,77,4,-0.1,93.2,-42,4.12,5195.8,"technician","single","high.school","no","nov","wed","no"
88,82,2,-1.8,92.843,-50,1.663,5099.1,"retired","divorced","basic.4y","yes","mar","wed","no"
38,166,3,-0.1,93.2,-42,4.076,5195.8,"entrepreneur","married","basic.9y","no","nov","thu","no"
26,806,3,-1.7,94.215,-40.3,0.861,4991.6,"technician","single","university.degree","no","jul","fri","yes"
33,498,5,1.4,93.918,-42.7,4.961,5228.1,"admin.","single","high.school","no","jul","tue","no"
45,29,3,-1.8,92.893,-46.2,1.344,5099.1,"entrepreneur","divorced","basic.9y","no","may","tue","no"
30,739,2,-1.8,93.075,-47.1,1.483,5099.1,"admin.","married","university.degree","yes","apr","thu","yes"
53,183,1,1.4,93.918,-42.7,4.961,5228.1,"admin.","single",NA,"no","jul","tue","no"
32,75,2,-1.8,92.843,-50,1.703,5099.1,"management","single","university.degree","no","mar","mon","no"
37,223,6,1.4,93.918,-42.7,4.961,5228.1,"admin.","single","high.school","yes","jul","tue","no"
46,6,1,-1.8,92.893,-46.2,1.25,5099.1,"services","married","high.school","no","may","fri","no"
30,114,2,1.1,93.994,-36.4,4.864,5191,"services","married","high.school","yes","may","fri","no"
48,82,1,1.1,93.994,-36.4,4.856,5191,"admin.","married","high.school","no","may","tue","no"
46,245,1,1.4,94.465,-41.8,4.865,5228.1,"entrepreneur","married","basic.9y","no","jun","mon","no"
39,202,1,-1.7,94.215,-40.3,0.81,4991.6,"technician","married","professional.course","no","jul","thu","no"
47,187,2,-0.1,93.2,-42,4.153,5195.8,"services","single","basic.9y","no","nov","tue","no"
44,271,2,-1.8,93.075,-47.1,1.466,5099.1,"blue-collar","married","high.school","no","apr","mon","no"
35,221,2,1.1,93.994,-36.4,4.859,5191,"admin.","divorced","university.degree","no","may","fri","no"
36,73,2,1.4,93.444,-36.1,4.965,5228.1,"housemaid","married","basic.4y","no","aug","mon","no"
34,151,2,-1.8,93.075,-47.1,1.405,5099.1,"blue-collar","married","basic.9y","no","apr","mon","no"
36,140,1,1.4,93.918,-42.7,4.963,5228.1,"admin.","single","high.school","no","jul","thu","no"
27,54,1,-1.8,93.075,-47.1,1.392,5099.1,"management","married","university.degree","no","apr","mon","no"
44,428,2,-1.8,92.893,-46.2,1.327,5099.1,"services","married","professional.course","no","may","thu","no"
35,358,1,-1.8,93.075,-47.1,1.365,5099.1,"admin.","single","university.degree","yes","apr","thu","no"
25,54,3,1.4,94.465,-41.8,4.962,5228.1,"admin.","single","high.school","no","jun","wed","no"
33,113,1,1.4,94.465,-41.8,4.962,5228.1,"admin.","single","high.school","yes","jun","wed","no"
30,219,3,-1.1,94.199,-37.5,0.883,4963.6,"admin.","single","high.school","no","sep","fri","yes"
35,224,3,-2.9,92.201,-31.4,0.869,5076.2,"technician","married","university.degree","no","aug","fri","no"
31,56,2,1.4,93.444,-36.1,4.964,5228.1,"technician","married","university.degree","no","aug","thu","no"
29,126,1,1.4,93.918,-42.7,4.962,5228.1,"admin.","single","high.school","no","jul","wed","no"
21,362,1,-1.1,94.601,-49.5,0.982,4963.6,"student","single","high.school","no","oct","tue","yes"
26,91,1,1.4,93.918,-42.7,4.96,5228.1,"services","single","high.school","no","jul","mon","no"
51,17,3,1.4,94.465,-41.8,4.959,5228.1,"technician","married",NA,"no","jun","fri","no"
39,367,1,1.4,94.465,-41.8,4.961,5228.1,"student","single",NA,"no","jun","tue","no"
43,143,1,-1.8,92.893,-46.2,1.264,5099.1,"technician","divorced","professional.course","no","may","mon","no"
60,73,1,1.4,93.444,-36.1,4.966,5228.1,"services","married","high.school","no","aug","tue","no"
37,834,9,1.1,93.994,-36.4,4.855,5191,"technician","married","professional.course","no","may","fri","no"
27,509,4,1.4,93.918,-42.7,4.962,5228.1,"services","single","high.school","no","jul","tue","yes"
28,94,2,1.4,93.918,-42.7,4.963,5228.1,"admin.","single","university.degree","yes","jul","fri","no"
46,205,6,-0.1,93.2,-42,4.076,5195.8,"management","married","university.degree","no","nov","thu","no"
25,835,1,1.4,93.918,-42.7,4.957,5228.1,"admin.","single","university.degree","no","jul","fri","no"
28,278,2,1.4,93.918,-42.7,4.957,5228.1,"services","divorced","high.school","yes","jul","fri","yes"
72,152,1,-2.9,92.201,-31.4,0.861,5076.2,"retired","divorced","basic.4y","no","aug","mon","no"
55,64,1,1.4,93.444,-36.1,4.964,5228.1,"services","married","basic.4y","yes","aug","wed","no"
25,59,3,1.4,93.918,-42.7,4.958,5228.1,"blue-collar","married","basic.6y","no","jul","thu","no"
31,159,2,1.1,93.994,-36.4,4.857,5191,"blue-collar","married","basic.4y","no","may","wed","no"
36,275,1,1.4,93.444,-36.1,4.967,5228.1,"technician","single","professional.course","no","aug","wed","no"
32,293,2,1.1,93.994,-36.4,4.858,5191,"technician","married","professional.course","no","may","wed","no"
47,282,1,-1.8,92.893,-46.2,1.27,5099.1,"management","married","high.school","no","may","wed","no"
38,21,1,-1.7,94.055,-39.8,0.729,4991.6,"blue-collar","single","high.school","yes","jun","thu","no"
43,257,2,-0.1,93.2,-42,4.153,5195.8,"management","married","professional.course","no","nov","tue","no"
53,429,1,1.1,93.994,-36.4,4.859,5191,"services","married","high.school","no","may","wed","no"
51,345,2,-1.8,92.893,-46.2,1.334,5099.1,"management","divorced","university.degree","no","may","wed","no"
36,529,1,1.4,93.444,-36.1,4.965,5228.1,"admin.",NA,"university.degree","no","aug","wed","yes"
43,286,1,-1.8,92.893,-46.2,1.344,5099.1,"blue-collar","married","basic.6y","no","may","tue","no"
53,126,1,-0.1,93.2,-42,4.191,5195.8,"unemployed","married","university.degree",NA,"nov","mon","no"
36,146,2,1.1,93.994,-36.4,4.857,5191,"technician","married","university.degree","no","may","wed","no"
52,203,3,1.4,93.444,-36.1,4.965,5228.1,"technician","married","professional.course","yes","aug","wed","no"
24,389,1,-1.8,92.893,-46.2,1.313,5099.1,"blue-collar","single","basic.4y","no","may","fri","no"
44,225,3,-1.8,93.075,-47.1,1.405,5099.1,"blue-collar","single","basic.9y","no","apr","fri","no"
31,146,2,-1.1,94.601,-49.5,0.982,4963.6,"technician","married","university.degree","no","oct","tue","no"
35,288,2,1.4,94.465,-41.8,4.959,5228.1,"blue-collar","married","basic.9y","no","jun","fri","no"
34,267,2,1.4,94.465,-41.8,4.961,5228.1,"housemaid","single","university.degree","no","jun","thu","no"
39,212,1,1.4,94.465,-41.8,4.967,5228.1,"unemployed","married","university.degree","no","jun","fri","no"
36,154,1,-0.1,93.2,-42,4.12,5195.8,"admin.","single","university.degree","no","nov","wed","no"
57,188,1,1.1,93.994,-36.4,4.857,5191,"retired","single","professional.course","no","may","mon","no"
37,395,1,-1.8,92.893,-46.2,1.313,5099.1,"self-employed","married","university.degree","no","may","fri","no"
43,114,1,-1.8,92.893,-46.2,1.259,5099.1,"entrepreneur","married","professional.course","yes","may","fri","no"
63,131,4,-3.4,92.649,-30.1,0.715,5017.5,"management","married","basic.4y","no","nov","tue","yes"
48,201,1,1.1,93.994,-36.4,4.856,5191,"entrepreneur","married","basic.9y","no","may","tue","no"
56,313,2,1.1,93.994,-36.4,4.86,5191,"management","divorced","basic.9y","no","may","thu","no"
31,155,2,-2.9,92.201,-31.4,0.884,5076.2,"admin.","married","high.school","yes","aug","mon","yes"
44,109,1,1.1,93.994,-36.4,4.857,5191,"blue-collar","married","basic.9y","no","may","mon","no"
45,112,1,1.4,93.918,-42.7,4.962,5228.1,"blue-collar","divorced","basic.4y","no","jul","wed","no"
35,65,2,-1.8,92.893,-46.2,1.281,5099.1,"services","single","high.school","no","may","wed","no"
47,72,1,1.4,94.465,-41.8,4.967,5228.1,"technician","married","basic.9y","no","jun","fri","no"
39,247,1,-2.9,92.201,-31.4,0.884,5076.2,"technician","married","professional.course","no","aug","mon","no"
58,48,6,1.4,93.918,-42.7,4.962,5228.1,"blue-collar","married","basic.4y","no","jul","thu","no"
33,494,1,-1.8,92.843,-50,1.51,5099.1,"blue-collar","married","high.school","no","mar","tue","no"
34,168,3,-1.8,92.893,-46.2,1.334,5099.1,"blue-collar","married","basic.6y","no","may","wed","no"
55,182,1,-3.4,92.431,-26.9,0.742,5017.5,"technician","married","professional.course","no","oct","tue","no"
44,1628,2,-3.4,92.649,-30.1,0.719,5017.5,"admin.","divorced","high.school","no","nov","mon","yes"
51,250,3,1.4,94.465,-41.8,4.959,5228.1,"services","married","basic.9y","no","jun","fri","no"
53,118,7,1.4,93.918,-42.7,4.961,5228.1,"blue-collar","married","high.school","no","jul","tue","no"
47,38,3,1.4,93.444,-36.1,4.964,5228.1,"admin.","married","university.degree","no","aug","wed","no"
58,127,2,-1.8,92.893,-46.2,1.334,5099.1,"blue-collar","single","basic.9y","no","may","wed","no"
27,137,2,1.1,93.994,-36.4,4.855,5191,"admin.","single","high.school","no","may","fri","no"
29,116,1,-1.8,93.075,-47.1,1.405,5099.1,"technician","single","basic.9y",NA,"apr","mon","no"
59,94,1,1.4,93.444,-36.1,4.963,5228.1,"retired","married","basic.4y","no","aug","fri","no"
44,170,2,1.4,93.918,-42.7,4.963,5228.1,"entrepreneur","divorced","basic.4y","no","jul","fri","no"
34,192,3,-1.8,92.893,-46.2,1.291,5099.1,"blue-collar","married","basic.9y","no","may","tue","no"
35,712,1,-1.8,93.075,-47.1,1.405,5099.1,"technician","single","university.degree","no","apr","mon","no"
40,164,1,-1.8,92.893,-46.2,1.25,5099.1,"admin.","divorced","high.school","no","may","fri","no"
54,346,1,-3,92.713,-33,0.721,5023.5,"unemployed","married","high.school","no","dec","wed","yes"
51,531,1,1.1,93.994,-36.4,4.857,5191,"admin.","married","basic.6y","no","may","tue","no"
36,458,1,-1.8,92.893,-46.2,1.291,5099.1,"admin.","single","basic.9y","no","may","tue","yes"
48,64,1,1.4,93.918,-42.7,4.958,5228.1,"admin.","married","high.school","yes","jul","thu","no"
26,305,2,1.1,93.994,-36.4,4.855,5191,"technician","married","high.school","no","may","fri","no"
42,188,1,1.4,93.444,-36.1,4.968,5228.1,"technician","married","high.school","no","aug","tue","no"
50,634,1,-1.8,93.749,-34.6,0.644,5008.7,"technician","single","university.degree","no","apr","fri","yes"
41,180,2,1.1,93.994,-36.4,4.857,5191,"technician","married","basic.9y","no","may","mon","no"
27,409,1,-1.8,92.893,-46.2,1.299,5099.1,"admin.","single","university.degree","no","may","mon","no"
47,188,1,-3.4,92.379,-29.8,0.77,5017.5,"admin.","divorced","high.school","no","sep","tue","no"
45,165,3,-0.1,93.2,-42,4.076,5195.8,"management","single","basic.9y","no","nov","thu","no"
30,246,1,-2.9,92.963,-40.8,1.26,5076.2,"admin.","single","professional.course",NA,"jun","thu","yes"
35,265,2,-0.1,93.2,-42,4.12,5195.8,"management","married","university.degree","no","nov","wed","no"
41,85,5,1.4,93.444,-36.1,4.964,5228.1,"admin.","married","university.degree","no","aug","wed","no"
32,210,2,-1.7,94.215,-40.3,0.846,4991.6,"admin.","single","university.degree","no","jul","thu","no"
45,738,3,-1.1,94.601,-49.5,1.029,4963.6,"admin.","married","high.school","no","oct","fri","yes"
46,257,1,1.4,93.918,-42.7,4.959,5228.1,"blue-collar","married",NA,"no","jul","fri","no"
47,145,1,1.4,93.444,-36.1,4.968,5228.1,"admin.","married","high.school","no","aug","tue","no"
22,91,1,1.1,93.994,-36.4,4.858,5191,"services","single","basic.4y","no","may","wed","no"
50,23,14,1.4,93.444,-36.1,4.962,5228.1,"admin.","married","basic.9y","no","aug","thu","no"
37,348,1,-1.8,92.893,-46.2,1.344,5099.1,"services","single","basic.9y","no","may","tue","no"
26,83,2,1.4,94.465,-41.8,4.864,5228.1,"blue-collar","single","basic.6y","no","jun","wed","no"
55,604,1,-1.8,92.893,-46.2,1.344,5099.1,"self-employed","married","basic.9y","no","may","tue","no"
32,75,2,-0.1,93.2,-42,4.076,5195.8,"blue-collar","single","basic.9y","no","nov","thu","no"
54,50,1,-1.8,92.893,-46.2,1.299,5099.1,"blue-collar","married","basic.4y","no","may","mon","no"
42,163,1,-1.8,93.075,-47.1,1.406,5099.1,"technician","married","high.school","no","apr","thu","yes"
25,199,2,1.1,93.994,-36.4,4.857,5191,"self-employed","single","university.degree","no","may","wed","no"
29,225,1,1.4,93.444,-36.1,4.967,5228.1,"technician","single","university.degree","yes","aug","wed","no"
53,203,4,1.1,93.994,-36.4,4.86,5191,"services","married","high.school","no","may","thu","no"
58,233,2,1.4,93.444,-36.1,4.965,5228.1,"admin.","married","university.degree","no","aug","wed","no"
31,138,2,1.4,93.444,-36.1,4.964,5228.1,"admin.","single","university.degree","no","aug","wed","no"
25,81,1,-2.9,92.201,-31.4,0.825,5076.2,"student","single",NA,"no","aug","fri","no"
54,149,2,-0.1,93.2,-42,4.153,5195.8,"technician","married","professional.course","no","nov","tue","no"
27,215,3,1.4,93.918,-42.7,4.963,5228.1,"self-employed","married","university.degree","no","jul","wed","no"
27,102,9,1.4,93.918,-42.7,4.963,5228.1,"technician","married","professional.course","no","jul","thu","no"
35,172,1,1.4,94.465,-41.8,4.961,5228.1,"admin.","married","high.school","yes","jun","mon","no"
44,93,8,1.4,93.444,-36.1,4.963,5228.1,"admin.","married","high.school","no","aug","fri","no"
51,653,1,1.1,93.994,-36.4,4.855,5191,"blue-collar","married","basic.9y","yes","may","fri","yes"
47,345,7,1.4,93.444,-36.1,4.964,5228.1,"technician","married","university.degree","no","aug","wed","no"
52,102,1,-0.1,93.2,-42,4.021,5195.8,"technician","married","basic.9y","no","nov","fri","no"
52,268,1,1.4,93.444,-36.1,4.964,5228.1,"housemaid","married","basic.6y","no","aug","fri","no"
58,160,1,-2.9,92.469,-33.6,1.072,5076.2,"technician","married","university.degree","no","jul","thu","no"
34,388,2,1.1,93.994,-36.4,4.855,5191,"technician","married","professional.course","yes","may","fri","no"
47,243,4,-2.9,92.963,-40.8,1.281,5076.2,"admin.","single","university.degree","no","jun","mon","yes"
41,464,2,-1.8,93.075,-47.1,1.405,5099.1,"admin.","single",NA,"no","apr","fri","no"
39,412,2,-1.8,92.893,-46.2,1.327,5099.1,"management","single","university.degree","no","may","thu","no"
48,134,7,1.4,93.444,-36.1,4.966,5228.1,"blue-collar","married","basic.4y","no","aug","tue","no"
25,234,1,1.4,93.918,-42.7,4.963,5228.1,"technician","single","professional.course","no","jul","thu","no"
37,206,2,-3,92.713,-33,0.706,5023.5,"admin.","married","university.degree","yes","dec","mon","yes"
23,251,1,1.4,93.918,-42.7,4.957,5228.1,"blue-collar","single","high.school","no","jul","wed","no"
42,286,3,1.1,93.994,-36.4,4.859,5191,"technician","divorced","professional.course","yes","may","fri","no"
53,35,1,1.1,93.994,-36.4,4.858,5191,"admin.","married","basic.9y","no","may","wed","no"
54,725,4,1.4,93.444,-36.1,4.963,5228.1,"management","married","high.school","no","aug","mon","no"
28,393,2,1.1,93.994,-36.4,4.855,5191,"admin.","single","university.degree","no","may","thu","no"
56,129,3,1.4,94.465,-41.8,4.959,5228.1,"self-employed","married","university.degree","no","jun","fri","no"
24,240,4,-1.8,92.893,-46.2,1.266,5099.1,"technician","single","professional.course","no","may","tue","no"
46,796,5,-0.1,93.2,-42,4.021,5195.8,"technician","divorced","university.degree","no","nov","fri","yes"
33,44,1,1.4,93.444,-36.1,4.962,5228.1,"admin.","single","university.degree","yes","aug","thu","no"
31,212,2,-1.1,94.767,-50.8,1.048,4963.6,"admin.","single","university.degree","yes","nov","wed","no"
39,175,1,-1.8,92.893,-46.2,1.25,5099.1,"admin.","married","university.degree","no","may","fri","no"
30,132,1,1.4,93.444,-36.1,4.965,5228.1,"technician","single","university.degree","yes","aug","mon","no"
42,1013,3,-1.7,94.027,-38.3,0.898,4991.6,"admin.","single","university.degree","no","aug","mon","no"
47,262,2,1.1,93.994,-36.4,4.856,5191,"services","married",NA,"no","may","wed","no"
32,217,1,-3.4,92.431,-26.9,0.739,5017.5,"services","married","high.school","no","oct","mon","no"
54,281,3,1.4,93.918,-42.7,4.962,5228.1,"management","married","university.degree","no","jul","wed","no"
54,119,3,1.4,93.444,-36.1,4.963,5228.1,"self-employed","married","high.school","no","aug","tue","no"
49,214,1,1.1,93.994,-36.4,4.856,5191,"self-employed","married","professional.course","no","may","tue","no"
27,189,2,1.4,93.918,-42.7,4.963,5228.1,"housemaid","married","high.school","no","jul","fri","no"
25,247,3,1.1,93.994,-36.4,4.856,5191,"self-employed","single","university.degree","no","may","tue","no"
30,180,3,-1.8,93.075,-47.1,1.405,5099.1,"admin.","single","high.school","no","apr","mon","no"
27,530,1,-1.1,94.199,-37.5,0.879,4963.6,"technician","single","university.degree","no","sep","thu","yes"
52,215,3,-0.1,93.2,-42,4.191,5195.8,"retired","married","university.degree","yes","nov","mon","no"
33,58,1,1.4,93.444,-36.1,4.963,5228.1,"technician","married","professional.course","no","aug","fri","no"
40,26,1,1.1,93.994,-36.4,4.856,5191,"technician","married","professional.course","no","may","tue","no"
50,234,3,-0.1,93.2,-42,4.153,5195.8,"blue-collar","married","basic.4y","yes","nov","tue","no"
34,238,1,-1.7,94.055,-39.8,0.704,4991.6,"admin.","married","high.school","no","jun","wed","yes"
29,332,1,1.4,93.918,-42.7,4.962,5228.1,"technician","married","professional.course","no","jul","wed","no"
58,64,1,-0.1,93.2,-42,4.153,5195.8,"blue-collar","married","basic.9y","no","nov","tue","no"
36,97,2,1.1,93.994,-36.4,4.859,5191,"admin.","married","high.school","no","may","wed","no"
50,209,3,1.4,94.465,-41.8,4.961,5228.1,"blue-collar","married","basic.4y","no","jun","tue","no"
33,728,1,-1.8,92.893,-46.2,1.313,5099.1,"blue-collar","married","basic.9y","no","may","fri","yes"
34,320,1,1.4,93.918,-42.7,4.96,5228.1,"blue-collar","married","basic.6y","no","jul","mon","no"
24,226,1,1.1,93.994,-36.4,4.855,5191,"blue-collar","married","basic.9y","no","may","thu","no"
30,1357,4,-1.8,92.893,-46.2,1.25,5099.1,"blue-collar","married","professional.course","no","may","fri","yes"
32,145,12,1.4,93.918,-42.7,4.962,5228.1,"blue-collar","single","basic.4y","no","jul","tue","no"
28,240,1,-1.8,93.075,-47.1,1.483,5099.1,"blue-collar","single","high.school","no","apr","thu","no"
28,1128,3,1.1,93.994,-36.4,4.859,5191,"admin.","single","university.degree","no","may","fri","no"
50,1365,2,-1.8,93.075,-47.1,1.41,5099.1,"blue-collar","married","basic.9y","no","apr","thu","yes"
45,272,2,1.4,94.465,-41.8,4.866,5228.1,"blue-collar","married","basic.6y","no","jun","thu","no"
50,849,1,1.4,93.918,-42.7,4.961,5228.1,"blue-collar","married","basic.4y","yes","jul","tue","yes"
40,325,4,-1.8,92.893,-46.2,1.281,5099.1,"blue-collar","single","basic.9y","yes","may","wed","no"
36,148,1,1.4,93.918,-42.7,4.968,5228.1,"self-employed","single","basic.4y","no","jul","thu","no"
31,168,1,1.1,93.994,-36.4,4.857,5191,"entrepreneur","divorced","high.school","no","may","tue","no"
30,246,3,-0.1,93.2,-42,4.12,5195.8,"admin.","married","high.school","no","nov","wed","no"
40,222,2,1.1,93.994,-36.4,4.859,5191,"admin.","single","high.school","no","may","wed","no"
39,232,3,1.4,94.465,-41.8,4.865,5228.1,"entrepreneur","married","high.school","no","jun","mon","no"
47,429,1,1.4,93.444,-36.1,4.963,5228.1,"admin.","single","university.degree","no","aug","thu","no"
28,771,2,1.4,94.465,-41.8,4.962,5228.1,"management","married","university.degree","no","jun","wed","yes"
24,61,3,-1.8,92.893,-46.2,1.244,5099.1,"blue-collar","single","basic.9y","no","may","mon","no"
54,164,4,1.4,93.918,-42.7,4.961,5228.1,"housemaid","married","basic.4y","no","jul","tue","no"
39,344,2,1.1,93.994,-36.4,4.86,5191,"admin.","single","high.school","no","may","thu","no"
38,1276,1,-1.8,92.893,-46.2,1.313,5099.1,"management","married","university.degree","no","may","fri","yes"
28,140,1,1.1,93.994,-36.4,4.86,5191,"blue-collar","married","basic.9y","no","may","thu","no"
27,471,1,1.4,94.465,-41.8,4.967,5228.1,"student","single","high.school","no","jun","fri","no"
54,108,1,1.1,93.994,-36.4,4.855,5191,"entrepreneur","married","basic.4y","yes","may","thu","no"
27,423,3,-1.7,94.215,-40.3,0.79,4991.6,"services","single","high.school","no","jul","fri","yes"
46,227,2,-1.8,92.893,-46.2,1.334,5099.1,"services","married","basic.9y","yes","may","wed","no"
31,350,1,1.1,93.994,-36.4,4.857,5191,"admin.","married","high.school","no","may","wed","no"
31,202,7,1.4,93.444,-36.1,4.963,5228.1,"technician","single","professional.course",NA,"aug","mon","no"
50,73,2,1.4,93.444,-36.1,4.965,5228.1,"technician","divorced","professional.course","no","aug","mon","no"
51,112,2,1.1,93.994,-36.4,4.857,5191,"entrepreneur","divorced","university.degree","yes","may","mon","no"
33,157,6,-1.8,93.749,-34.6,0.659,5008.7,"admin.","married","university.degree","no","apr","thu","no"
36,196,1,-1.8,93.876,-40,0.697,5008.7,"admin.","married","university.degree","no","may","tue","yes"
28,48,4,-1.8,93.075,-47.1,1.41,5099.1,"technician","single","high.school","yes","apr","thu","no"
54,99,3,1.4,93.444,-36.1,4.964,5228.1,"blue-collar","married",NA,"no","aug","wed","no"
29,198,1,1.1,93.994,-36.4,4.857,5191,"admin.","single","basic.9y","no","may","wed","no"
37,182,2,1.4,94.465,-41.8,4.96,5228.1,"technician","single","university.degree","no","jun","mon","no"
46,75,3,1.4,94.465,-41.8,4.961,5228.1,"services","married","professional.course","no","jun","tue","no"
51,132,2,1.4,93.444,-36.1,4.968,5228.1,"blue-collar","married","basic.4y","no","aug","tue","no"
50,1353,2,-3.4,92.379,-29.8,0.749,5017.5,"technician","married","university.degree","yes","sep","wed","no"
30,292,2,1.4,93.918,-42.7,4.957,5228.1,"technician","married","professional.course","yes","jul","fri","no"
24,160,1,-3.4,92.431,-26.9,0.72,5017.5,"blue-collar","married","basic.9y","no","oct","fri","no"
29,130,6,1.4,93.444,-36.1,4.965,5228.1,"technician","single","high.school","no","aug","tue","no"
36,142,1,-1.8,92.893,-46.2,1.299,5099.1,"admin.","married","high.school","yes","may","mon","no"
31,157,6,1.1,93.994,-36.4,4.856,5191,"technician","married","professional.course","no","may","wed","no"
36,147,1,1.4,93.444,-36.1,4.97,5228.1,"admin.","married","university.degree","no","aug","mon","no"
43,892,2,-1.8,92.893,-46.2,1.327,5099.1,"admin.","divorced","high.school","yes","may","thu","no"
41,234,1,-1.8,92.893,-46.2,1.344,5099.1,"blue-collar","married","basic.4y","no","may","tue","no"
45,651,4,-1.8,93.075,-47.1,1.415,5099.1,"services","married","high.school","no","apr","wed","no"
52,152,2,-1.8,93.075,-47.1,1.435,5099.1,"admin.","married","high.school","no","apr","thu","no"
50,600,2,-0.1,93.2,-42,4.153,5195.8,"management","single","university.degree","no","nov","tue","no"
33,154,1,1.4,93.444,-36.1,4.964,5228.1,"admin.","single","university.degree","no","aug","wed","no"
31,458,2,1.4,93.918,-42.7,4.963,5228.1,"blue-collar","married","professional.course","no","jul","wed","yes"
35,234,13,1.1,93.994,-36.4,4.858,5191,"admin.","single","university.degree","no","may","mon","no"
56,102,2,1.4,93.918,-42.7,4.962,5228.1,NA,"single","basic.9y","no","jul","mon","no"
24,292,1,-1.7,94.055,-39.8,0.737,4991.6,"student","single","high.school","no","jun","tue","no"
36,386,3,1.1,93.994,-36.4,4.857,5191,"entrepreneur","married","university.degree","no","may","wed","no"
53,180,1,-0.1,93.2,-42,4.021,5195.8,"blue-collar","married","basic.4y","no","nov","fri","no"
51,166,2,1.4,93.918,-42.7,4.961,5228.1,"technician","married","basic.6y","no","jul","tue","no"
26,136,3,-1.8,92.893,-46.2,1.266,5099.1,"admin.","single","high.school","no","may","thu","no"
42,87,1,1.1,93.994,-36.4,4.864,5191,"admin.","single","university.degree","no","may","fri","no"
32,857,1,1.1,93.994,-36.4,4.858,5191,"technician","single","university.degree","no","may","wed","yes"
23,104,1,-1.8,92.893,-46.2,1.266,5099.1,"technician","single","high.school","no","may","thu","no"
59,70,1,1.1,93.994,-36.4,4.856,5191,"housemaid","married","basic.4y","yes","may","tue","no"
77,160,1,-1.7,94.027,-38.3,0.905,4991.6,"management","married",NA,"no","aug","fri","yes"
47,94,2,1.4,93.444,-36.1,4.964,5228.1,"admin.","divorced","university.degree","no","aug","fri","no"
33,85,4,-1.8,92.893,-46.2,1.334,5099.1,"management","married","university.degree","no","may","wed","no"
35,113,1,-1.8,93.075,-47.1,1.405,5099.1,"blue-collar","married","basic.6y","no","apr","fri","no"
50,408,1,-0.1,93.2,-42,4.191,5195.8,"entrepreneur","married","university.degree","no","nov","mon","no"
52,172,1,-0.1,93.2,-42,4.12,5195.8,"retired","married","university.degree","no","nov","wed","no"
31,166,2,1.4,93.444,-36.1,4.963,5228.1,"management","married","university.degree","yes","aug","thu","no"
45,134,2,1.1,93.994,-36.4,4.857,5191,"admin.","married","university.degree","no","may","fri","no"
34,91,1,1.1,93.994,-36.4,4.859,5191,"technician","divorced","professional.course","no","may","wed","no"
57,187,1,1.4,94.465,-41.8,4.961,5228.1,"technician","divorced","university.degree","yes","jun","tue","no"
32,146,3,-1.8,92.893,-46.2,1.291,5099.1,"services","married","professional.course","no","may","tue","no"
49,144,5,1.4,93.918,-42.7,4.963,5228.1,"management","divorced","university.degree","no","jul","thu","no"
26,133,2,-3.4,92.431,-26.9,0.73,5017.5,"admin.","single","university.degree","no","oct","fri","no"
53,501,3,-2.9,92.963,-40.8,1.262,5076.2,"services","married",NA,"no","jun","tue","yes"
41,281,3,1.4,93.918,-42.7,4.955,5228.1,"blue-collar","married","basic.4y","no","jul","tue","no"
31,9,17,1.4,93.918,-42.7,4.968,5228.1,"services","single","high.school","yes","jul","thu","no"
26,112,3,1.1,93.994,-36.4,4.857,5191,"unemployed","single","basic.9y","no","may","tue","no"
32,24,7,-1.8,92.893,-46.2,1.25,5099.1,"admin.","single","university.degree","no","may","fri","no"
28,22,5,-1.8,92.893,-46.2,1.25,5099.1,"entrepreneur","married","basic.9y","no","may","fri","no"
55,96,6,1.4,93.444,-36.1,4.964,5228.1,"admin.","married","university.degree","no","aug","wed","no"
36,46,3,1.4,93.444,-36.1,4.965,5228.1,"technician","married","high.school","no","aug","mon","no"
47,99,2,-1.8,92.893,-46.2,1.27,5099.1,"admin.","married","high.school","no","may","wed","no"
35,131,1,1.1,93.994,-36.4,4.856,5191,"blue-collar","divorced","basic.9y","yes","may","tue","no"
31,360,2,1.4,94.465,-41.8,4.864,5228.1,"admin.","married","high.school",NA,"jun","wed","no"
37,475,3,-1.8,92.893,-46.2,1.313,5099.1,"blue-collar","married","high.school","no","may","fri","no"
31,237,1,1.1,93.994,-36.4,4.857,5191,"admin.","single","university.degree","no","may","mon","no"
31,57,4,-3.4,92.649,-30.1,0.714,5017.5,"technician","married","university.degree","no","nov","mon","no"
38,275,1,-1.8,92.893,-46.2,1.334,5099.1,"admin.","married","high.school","no","may","wed","no"
37,97,3,1.4,93.918,-42.7,4.957,5228.1,"blue-collar","married","basic.4y","no","jul","fri","no"
35,633,2,-0.1,93.2,-42,4.076,5195.8,"admin.","single","university.degree","no","nov","thu","no"
51,139,5,-2.9,92.469,-33.6,0.921,5076.2,"admin.","married","university.degree","no","jul","fri","yes"
46,3253,1,-0.1,93.798,-40.4,5.045,5195.8,"admin.","divorced","high.school","no","oct","fri","no"
54,82,2,1.1,93.994,-36.4,4.86,5191,"admin.","married","university.degree","yes","may","thu","no"
30,329,2,-0.1,93.2,-42,4.076,5195.8,"self-employed","married","professional.course","no","nov","thu","no"
54,192,1,1.1,93.994,-36.4,4.856,5191,"services","married",NA,"no","may","tue","no"
28,226,3,-1.7,94.027,-38.3,0.898,4991.6,"admin.","married","university.degree","no","aug","mon","no"
43,218,3,1.1,93.994,-36.4,4.859,5191,"blue-collar","married","basic.6y","no","may","fri","no"
48,477,2,-1.8,92.893,-46.2,1.334,5099.1,"blue-collar","married","basic.4y","no","may","wed","no"
37,658,3,-0.1,93.2,-42,4.153,5195.8,"management","married","university.degree","no","nov","tue","no"
43,193,2,1.4,94.465,-41.8,4.866,5228.1,"admin.","married","professional.course","no","jun","thu","no"
40,107,4,1.4,93.918,-42.7,4.961,5228.1,"blue-collar","married","basic.9y","no","jul","tue","no"
30,150,1,-1.8,92.893,-46.2,1.344,5099.1,"technician","single","university.degree","no","may","tue","no"
46,81,3,1.1,93.994,-36.4,4.864,5191,"technician","married","basic.9y","no","may","fri","no"
43,83,1,-1.8,92.893,-46.2,1.327,5099.1,"blue-collar","married","basic.9y","no","may","thu","no"
39,69,3,1.4,94.465,-41.8,4.96,5228.1,"admin.","married","university.degree","no","jun","mon","no"
35,90,2,1.4,93.444,-36.1,4.965,5228.1,"admin.","single","university.degree","no","aug","mon","no"
57,81,1,-1.8,93.075,-47.1,1.365,5099.1,"retired","married","university.degree","no","apr","thu","no"
41,349,1,-0.1,93.2,-42,4.153,5195.8,"self-employed","divorced","university.degree","no","nov","tue","no"
32,185,2,1.4,93.444,-36.1,4.965,5228.1,"technician","married","professional.course","no","aug","tue","no"
34,338,4,-1.8,92.893,-46.2,1.334,5099.1,"blue-collar","married","basic.4y","yes","may","wed","no"
44,728,1,-1.8,92.893,-46.2,1.334,5099.1,"admin.","single","high.school","no","may","wed","no"
49,128,8,1.4,93.444,-36.1,4.966,5228.1,"retired","divorced","professional.course","yes","aug","tue","no"
26,45,2,-1.8,92.893,-46.2,1.334,5099.1,"blue-collar","married","basic.9y","no","may","wed","no"
27,27,1,1.4,93.918,-42.7,4.961,5228.1,"unemployed","single","university.degree","no","jul","tue","no"
39,125,1,-0.1,93.2,-42,4.191,5195.8,"management","single","basic.9y","no","nov","mon","no"
41,79,8,1.1,93.994,-36.4,4.856,5191,"technician","single","university.degree","no","may","wed","no"
33,113,1,-0.1,93.2,-42,4.12,5195.8,"management","married","university.degree","yes","nov","wed","no"
44,390,2,1.4,94.465,-41.8,4.961,5228.1,"blue-collar","married","high.school","no","jun","tue","no"
39,10,6,-0.1,93.2,-42,4.076,5195.8,"management","divorced","university.degree","no","nov","thu","no"
53,75,1,1.4,94.465,-41.8,4.961,5228.1,"services","married","high.school","no","jun","thu","no"
31,868,3,-1.7,94.027,-38.3,0.898,4991.6,"student","single",NA,"no","aug","mon","yes"
40,135,1,1.4,93.918,-42.7,4.962,5228.1,"blue-collar","married","basic.4y",NA,"jul","wed","no"
36,86,4,-1.8,92.893,-46.2,1.27,5099.1,"technician","married","professional.course","no","may","wed","no"
37,68,1,-0.1,93.2,-42,4.076,5195.8,"entrepreneur","married","high.school","no","nov","thu","no"
25,107,19,1.4,94.465,-41.8,4.959,5228.1,"blue-collar","single","basic.4y","no","jun","wed","no"
37,126,1,1.4,93.444,-36.1,4.968,5228.1,"housemaid","married","high.school","no","aug","thu","no"
25,301,1,1.4,93.918,-42.7,4.958,5228.1,"services","single","basic.6y","no","jul","thu","no"
59,630,3,1.4,93.918,-42.7,4.962,5228.1,"admin.","divorced","high.school","yes","jul","mon","yes"
66,110,2,-1.8,92.893,-46.2,1.27,5099.1,NA,"married","basic.4y","yes","may","thu","no"
35,200,3,1.4,94.465,-41.8,4.865,5228.1,"technician","married","professional.course","no","jun","mon","no"
29,142,2,1.4,93.444,-36.1,4.966,5228.1,"admin.","single","university.degree","no","aug","fri","no"
78,1148,1,-1.7,94.215,-40.3,0.87,4991.6,"retired","married","basic.4y","no","jul","mon","yes"
37,175,1,-1.8,93.075,-47.1,1.405,5099.1,"services","married","high.school","yes","apr","fri","no"
49,602,1,1.4,93.918,-42.7,4.958,5228.1,"admin.","divorced","high.school","no","jul","thu","no"
56,177,5,1.4,93.918,-42.7,4.957,5228.1,"admin.","married","university.degree","no","jul","fri","no"
46,59,4,1.4,93.918,-42.7,4.962,5228.1,"admin.","divorced","university.degree","no","jul","mon","no"
56,476,2,1.4,93.444,-36.1,4.965,5228.1,"admin.","married",NA,"no","aug","mon","no"
37,316,2,1.1,93.994,-36.4,4.857,5191,"admin.","married","high.school","no","may","tue","no"
42,110,4,1.4,94.465,-41.8,4.864,5228.1,"blue-collar","married","basic.4y","no","jun","tue","no"
42,311,6,1.4,93.918,-42.7,4.962,5228.1,"admin.","married","high.school","no","jul","fri","no"
38,256,2,-1.1,94.199,-37.5,0.878,4963.6,"services","single","high.school","no","sep","fri","yes"
34,281,2,-1.8,92.893,-46.2,1.299,5099.1,"blue-collar","single","basic.9y","no","may","mon","no"
26,124,1,1.4,93.918,-42.7,4.962,5228.1,"management","single","university.degree","no","jul","wed","no"
25,95,1,1.4,93.918,-42.7,4.962,5228.1,"admin.","married","high.school","no","jul","wed","no"
31,829,1,-1.8,92.893,-46.2,1.281,5099.1,"blue-collar","divorced","high.school","no","may","wed","yes"
30,19,12,1.4,93.444,-36.1,4.963,5228.1,"management","married","high.school","no","aug","tue","no"
30,501,2,1.4,93.918,-42.7,4.966,5228.1,"technician","married","professional.course","no","jul","thu","no"
53,758,2,-1.8,93.749,-34.6,0.64,5008.7,"technician","married","university.degree",NA,"apr","thu","yes"
60,112,1,1.1,93.994,-36.4,4.86,5191,NA,"married","university.degree","yes","may","thu","no"
61,266,5,-1.8,93.075,-47.1,1.406,5099.1,"admin.","married","university.degree","yes","apr","thu","yes"
49,212,1,1.1,93.994,-36.4,4.857,5191,"admin.","married","university.degree","no","may","mon","no"
32,126,1,-0.1,93.2,-42,4.076,5195.8,"entrepreneur","single","university.degree","yes","nov","thu","no"
34,218,4,-1.8,92.893,-46.2,1.266,5099.1,"unemployed","married","basic.9y","no","may","thu","no"
30,81,2,1.4,93.444,-36.1,4.964,5228.1,"technician","single","university.degree","yes","aug","fri","no"
35,218,2,-1.8,93.749,-34.6,0.644,5008.7,"services","married","professional.course","no","apr","thu","yes"
34,77,3,-1.8,93.075,-47.1,1.405,5099.1,"entrepreneur","married","university.degree","yes","apr","fri","no"
36,140,3,1.1,93.994,-36.4,4.86,5191,"blue-collar","married","basic.9y","no","may","thu","no"
29,22,8,1.4,93.918,-42.7,4.968,5228.1,"self-employed","single","university.degree","yes","jul","thu","no"
30,103,2,-3.4,92.379,-29.8,0.771,5017.5,"self-employed","married","university.degree","no","sep","mon","no"
48,137,1,1.4,93.444,-36.1,4.968,5228.1,"services","married","basic.4y","no","aug","thu","no"
60,481,1,-1.1,94.199,-37.5,0.886,4963.6,"admin.","divorced","professional.course","no","sep","wed","yes"
33,659,1,-1.8,92.893,-46.2,1.344,5099.1,"admin.","single","high.school","no","may","tue","no"
45,20,5,1.4,93.918,-42.7,4.962,5228.1,"technician","married","professional.course","no","jul","wed","no"
52,167,1,-2.9,92.201,-31.4,0.883,5076.2,"management","married","high.school","yes","aug","tue","yes"
38,73,1,1.1,93.994,-36.4,4.857,5191,NA,"divorced","high.school","no","may","mon","no"
55,201,14,1.1,93.994,-36.4,4.858,5191,"admin.","married","university.degree","no","may","mon","no"
39,51,1,1.1,93.994,-36.4,4.86,5191,"services","divorced","basic.9y","no","may","thu","no"
35,88,5,1.4,93.918,-42.7,4.96,5228.1,"entrepreneur","single","university.degree","no","jul","mon","no"
27,134,1,-1.8,92.893,-46.2,1.266,5099.1,"admin.","single","university.degree","no","may","tue","no"
32,340,1,-1.8,92.893,-46.2,1.313,5099.1,"housemaid","married","basic.4y","yes","may","fri","no"
54,109,2,1.4,93.444,-36.1,4.964,5228.1,"blue-collar","married","basic.4y","no","aug","thu","no"
54,840,3,-1.8,93.075,-47.1,1.405,5099.1,"retired","married","basic.4y","no","apr","fri","yes"
29,245,1,-1.8,92.893,-46.2,1.244,5099.1,"technician","single","professional.course","no","may","mon","no"
25,214,2,1.4,94.465,-41.8,4.865,5228.1,"technician","divorced","university.degree","no","jun","mon","no"
42,163,1,1.4,93.918,-42.7,4.962,5228.1,"admin.","single","high.school","no","jul","fri","no"
47,298,3,1.4,93.918,-42.7,4.962,5228.1,"blue-collar","married","basic.6y","yes","jul","mon","no"
38,1476,4,-0.1,93.2,-42,4.076,5195.8,"admin.","single","high.school","yes","nov","thu","no"
32,159,1,1.4,93.444,-36.1,4.964,5228.1,"admin.","single","university.degree","no","aug","thu","no"
26,1087,1,-1.7,94.027,-38.3,0.904,4991.6,"admin.","single","university.degree","no","aug","mon","yes"
48,268,1,-1.8,93.876,-40,0.668,5008.7,"blue-collar","married","basic.9y","no","may","tue","yes"
32,258,1,1.4,93.918,-42.7,4.962,5228.1,"entrepreneur","married","basic.9y","no","jul","tue","no"
47,208,2,1.1,93.994,-36.4,4.857,5191,"admin.","divorced","university.degree","no","may","mon","no"
38,186,2,-1.8,93.075,-47.1,1.384,5099.1,"services","married","high.school","no","apr","tue","no"
31,1327,2,1.4,93.918,-42.7,4.963,5228.1,"admin.","single","university.degree","no","jul","wed","yes"
43,488,2,-0.1,93.2,-42,4.191,5195.8,"management","divorced","high.school","no","nov","mon","no"
58,145,2,-2.9,92.963,-40.8,1.262,5076.2,"retired","divorced","high.school","no","jun","tue","no"
26,203,1,-1.7,94.027,-38.3,0.904,4991.6,"unemployed","single","university.degree","no","aug","thu","yes"
25,322,2,1.4,93.918,-42.7,4.963,5228.1,"blue-collar","single","basic.9y","yes","jul","wed","no"
38,7,8,1.4,93.444,-36.1,4.962,5228.1,"technician","divorced","professional.course","no","aug","thu","no"
32,161,2,-1.8,92.893,-46.2,1.299,5099.1,"services","married","high.school","no","may","mon","no"
31,11,9,-1.8,92.893,-46.2,1.344,5099.1,"unemployed","single","university.degree","no","may","tue","no"
45,80,2,1.4,93.918,-42.7,4.962,5228.1,"technician","divorced","basic.9y","no","jul","wed","no"
39,496,4,1.1,93.994,-36.4,4.857,5191,"blue-collar","married",NA,"no","may","fri","no"
52,190,1,-0.1,93.2,-42,4.191,5195.8,"services","divorced","high.school","no","nov","mon","no"
27,119,3,1.4,93.918,-42.7,4.96,5228.1,"blue-collar","married","basic.9y","yes","jul","mon","no"
40,97,1,1.4,94.465,-41.8,4.967,5228.1,"admin.","single","high.school","no","jun","fri","no"
56,90,3,1.1,93.994,-36.4,4.857,5191,"services","married","high.school","yes","may","fri","no"
43,75,1,-2.9,92.201,-31.4,0.861,5076.2,"management","married","university.degree","no","aug","mon","no"
32,22,17,1.4,94.465,-41.8,4.961,5228.1,"blue-collar","single","basic.9y","no","jun","mon","no"
52,84,3,1.4,93.444,-36.1,4.965,5228.1,"services","married","professional.course","yes","aug","mon","no"
35,139,1,1.4,93.918,-42.7,4.961,5228.1,"admin.","married","professional.course","no","jul","tue","no"
21,820,2,-1.8,93.075,-47.1,1.435,5099.1,"services","single","high.school","yes","apr","thu","no"
59,135,2,1.4,94.465,-41.8,4.947,5228.1,"technician","divorced","basic.4y","no","jun","fri","no"
44,388,7,1.1,93.994,-36.4,4.864,5191,"technician","married","professional.course","no","may","fri","no"
24,557,1,-1.8,92.893,-46.2,1.244,5099.1,"student","single","high.school","no","may","mon","no"
36,101,1,-1.8,92.893,-46.2,1.264,5099.1,"technician","married","university.degree","yes","may","mon","no"
47,252,2,1.4,94.465,-41.8,4.961,5228.1,"admin.","married","university.degree","no","jun","thu","no"
51,393,1,1.4,93.444,-36.1,4.964,5228.1,"blue-collar","married","basic.6y","no","aug","fri","no"
52,31,3,1.1,93.994,-36.4,4.857,5191,"self-employed","married","university.degree","no","may","tue","no"
44,25,1,1.4,94.465,-41.8,4.864,5228.1,"admin.","married","university.degree","no","jun","wed","no"
56,212,1,-0.1,93.2,-42,4.076,5195.8,"housemaid","divorced","basic.4y","no","nov","thu","no"
35,618,1,1.4,94.465,-41.8,4.961,5228.1,"student","single","university.degree","no","jun","thu","yes"
48,67,2,1.4,93.444,-36.1,4.964,5228.1,"blue-collar","married","basic.9y","no","aug","fri","no"
37,252,1,-0.1,93.2,-42,4.076,5195.8,"management","married","university.degree","no","nov","thu","no"
25,178,7,1.4,94.465,-41.8,4.96,5228.1,"self-employed","single","university.degree","no","jun","mon","no"
28,317,2,-3.4,92.431,-26.9,0.739,5017.5,"admin.","single","university.degree","no","oct","fri","no"
58,244,1,1.1,93.994,-36.4,4.858,5191,"admin.","divorced","university.degree","no","may","wed","no"
37,31,7,-1.8,92.893,-46.2,1.281,5099.1,"admin.","divorced","university.degree","no","may","wed","no"
51,448,1,1.1,93.994,-36.4,4.857,5191,"blue-collar","single","basic.4y","no","may","fri","no"
39,101,1,-1.8,92.893,-46.2,1.281,5099.1,"blue-collar","divorced","basic.6y","no","may","wed","no"
29,294,2,1.4,93.918,-42.7,4.962,5228.1,"technician","married","professional.course","no","jul","tue","no"
35,159,1,1.4,94.465,-41.8,4.961,5228.1,"technician","married","professional.course","no","jun","thu","no"
49,344,2,1.1,93.994,-36.4,4.855,5191,"services","married","high.school","no","may","fri","no"
43,764,3,1.1,93.994,-36.4,4.856,5191,"management","married","professional.course","no","may","wed","no"
54,193,1,-1.8,92.893,-46.2,1.27,5099.1,"unemployed","married","basic.9y","no","may","wed","yes"
37,95,1,-0.1,93.2,-42,4.153,5195.8,"unemployed","single","university.degree","yes","nov","tue","no"
43,307,1,-1.8,93.075,-47.1,1.405,5099.1,"management","married","university.degree","yes","apr","fri","no"
27,72,1,1.4,93.918,-42.7,4.961,5228.1,"admin.","single","university.degree","no","jul","tue","no"
48,67,7,-1.8,92.893,-46.2,1.266,5099.1,"services","divorced","basic.9y",NA,"may","thu","no"
81,90,4,-1.7,94.027,-38.3,0.898,4991.6,"retired","married","basic.4y","no","aug","mon","no"
37,42,4,1.4,94.465,-41.8,4.961,5228.1,"services","divorced","high.school","no","jun","tue","no"
49,121,1,1.4,93.918,-42.7,4.962,5228.1,"blue-collar","single","basic.4y","no","jul","wed","no"
35,77,3,1.4,93.918,-42.7,4.962,5228.1,"technician","married","professional.course","yes","jul","thu","no"
45,226,1,1.4,93.444,-36.1,4.965,5228.1,"admin.","married","university.degree","no","aug","mon","no"
56,311,5,1.1,93.994,-36.4,4.86,5191,"services","divorced","high.school","no","may","thu","no"
38,252,1,-0.1,93.2,-42,4.076,5195.8,"entrepreneur","divorced","university.degree","no","nov","thu","no"
35,42,2,-0.1,93.2,-42,4.191,5195.8,"entrepreneur","single","basic.9y","no","nov","mon","no"
56,143,3,1.1,93.994,-36.4,4.857,5191,"technician","married","basic.4y","no","may","mon","no"
39,71,1,1.4,93.444,-36.1,4.965,5228.1,"technician","single","professional.course","no","aug","mon","no"
38,215,3,1.4,93.918,-42.7,4.957,5228.1,"entrepreneur","married","basic.9y","no","jul","fri","no"
34,320,3,-1.8,92.893,-46.2,1.25,5099.1,"services","married","high.school","no","may","fri","no"
54,130,2,-1.8,93.075,-47.1,1.405,5099.1,"technician","married","professional.course","no","apr","mon","no"
30,129,2,-1.8,92.893,-46.2,1.313,5099.1,"admin.","married","university.degree","no","may","fri","no"
47,1014,3,-0.1,93.2,-42,4.153,5195.8,"admin.","married","university.degree","no","nov","tue","no"
40,190,2,1.1,93.994,-36.4,4.857,5191,"admin.","single","university.degree","yes","may","mon","no"
58,103,1,1.4,93.918,-42.7,4.961,5228.1,"admin.","married","high.school","no","jul","tue","no"
49,146,6,1.1,93.994,-36.4,4.857,5191,"technician","married","basic.9y","no","may","mon","no"
33,170,2,1.4,93.444,-36.1,4.97,5228.1,"technician","divorced","professional.course","no","aug","mon","no"
38,748,2,1.4,93.444,-36.1,4.965,5228.1,"admin.","married","university.degree","no","aug","tue","no"
36,263,1,1.4,93.444,-36.1,4.964,5228.1,"admin.","divorced","high.school","yes","aug","fri","no"
32,72,2,1.1,93.994,-36.4,4.857,5191,"services","married","high.school",NA,"may","mon","no"
36,231,2,-1.8,93.369,-34.8,0.635,5008.7,"admin.","single","university.degree","no","mar","mon","no"
54,351,1,1.1,93.994,-36.4,4.858,5191,"blue-collar","married","basic.4y","yes","may","mon","no"
44,20,1,-1.7,94.055,-39.8,0.72,4991.6,"services","single","high.school","no","jun","mon","no"
32,77,2,1.4,93.918,-42.7,4.962,5228.1,"admin.","married","basic.9y","no","jul","mon","no"
27,483,2,1.4,93.918,-42.7,4.962,5228.1,"admin.","single","professional.course","no","jul","tue","no"
49,118,1,-1.8,92.893,-46.2,1.344,5099.1,"blue-collar","married","professional.course","no","may","tue","no"
39,361,1,1.4,93.918,-42.7,4.962,5228.1,"admin.","single","high.school","no","jul","fri","no"
28,116,1,-1.8,92.893,-46.2,1.334,5099.1,"technician","single","professional.course","no","may","wed","no"
40,257,1,1.4,94.465,-41.8,4.866,5228.1,"unemployed","divorced","high.school","yes","jun","thu","no"
36,170,4,1.1,93.994,-36.4,4.864,5191,"management","married","university.degree","no","may","fri","no"
58,344,2,-1.1,94.767,-50.8,1.041,4963.6,"unemployed","married","university.degree","no","nov","thu","yes"
24,314,1,1.1,93.994,-36.4,4.858,5191,"services","single","professional.course","no","may","mon","no"
50,146,1,-1.8,92.893,-46.2,1.334,5099.1,"blue-collar","married","basic.4y","no","may","wed","no"
31,111,2,-0.1,93.2,-42,4.153,5195.8,"unemployed","married","high.school","no","nov","tue","no"
40,275,1,-1.8,93.075,-47.1,1.466,5099.1,"services","single","high.school","no","apr","mon","no"
34,308,1,-1.8,92.893,-46.2,1.281,5099.1,"services","single","basic.9y","no","may","wed","no"
32,340,2,-1.8,93.075,-47.1,1.405,5099.1,"services","married","high.school","yes","apr","fri","no"
46,61,1,-0.1,93.2,-42,4.191,5195.8,"technician","married","professional.course","no","nov","mon","no"
42,148,9,1.1,93.994,-36.4,4.859,5191,"blue-collar","married","basic.9y","no","may","fri","no"
24,311,2,-1.8,92.893,-46.2,1.27,5099.1,"technician","single","professional.course",NA,"may","wed","yes"
53,332,1,1.1,93.994,-36.4,4.856,5191,"technician","married","professional.course","no","may","tue","no"
30,39,2,1.4,93.918,-42.7,4.962,5228.1,"admin.","single","university.degree","no","jul","thu","no"
39,346,4,1.1,93.994,-36.4,4.855,5191,"services","single","high.school","no","may","fri","no"
26,326,4,1.1,93.994,-36.4,4.86,5191,"admin.","married","high.school","no","may","thu","no"
64,252,4,-2.9,92.201,-31.4,0.849,5076.2,"retired","married",NA,"no","aug","fri","yes"
39,328,2,-1.8,93.876,-40,0.683,5008.7,"services","married","high.school","no","may","thu","yes"
33,690,1,-2.9,92.963,-40.8,1.262,5076.2,"admin.","married","university.degree","no","jun","tue","yes"
59,22,3,1.4,93.918,-42.7,4.968,5228.1,"retired","married","basic.4y","yes","jul","thu","no"
38,210,2,1.4,93.918,-42.7,4.963,5228.1,"technician","single","university.degree","no","jul","fri","no"
36,372,1,1.4,93.918,-42.7,4.962,5228.1,"technician","divorced","basic.9y","no","jul","wed","no"
43,36,5,-1.8,92.893,-46.2,1.313,5099.1,"blue-collar","married","basic.6y","no","may","fri","no"
40,162,1,1.4,94.465,-41.8,4.947,5228.1,"management","married","basic.9y","yes","jun","fri","no"
37,416,2,-3.4,92.431,-26.9,0.72,5017.5,"admin.","single","university.degree","no","oct","fri","yes"
49,286,1,1.1,93.994,-36.4,4.857,5191,"blue-collar","married",NA,"no","may","tue","no"
43,1011,1,-0.1,93.2,-42,4.12,5195.8,"admin.","single","high.school","no","nov","wed","yes"
55,525,2,1.4,93.918,-42.7,4.957,5228.1,"blue-collar","married","basic.4y","no","jul","wed","no"
56,62,2,-0.1,93.2,-42,4.021,5195.8,"management","married","basic.9y","yes","nov","fri","no"
32,162,1,1.1,93.994,-36.4,4.857,5191,"services","married","high.school","no","may","tue","no"
31,196,1,-0.1,93.2,-42,4.12,5195.8,"management","married","university.degree","no","nov","wed","no"
35,312,2,1.4,94.465,-41.8,4.958,5228.1,"technician","divorced","professional.course","no","jun","thu","no"
30,100,1,1.4,94.465,-41.8,4.959,5228.1,"blue-collar","single","basic.6y","no","jun","wed","no"
30,157,1,-0.1,93.2,-42,4.076,5195.8,"admin.","married","university.degree","no","nov","thu","no"
30,149,1,-1.8,92.893,-46.2,1.327,5099.1,"entrepreneur","divorced","basic.6y","yes","may","thu","no"
42,214,3,1.4,94.465,-41.8,4.961,5228.1,"services","married","high.school","yes","jun","tue","no"
41,152,3,1.1,93.994,-36.4,4.856,5191,"blue-collar","married","basic.4y","no","may","wed","no"
30,683,2,1.1,93.994,-36.4,4.856,5191,"technician","married","university.degree","no","may","tue","yes"
40,142,3,1.4,94.465,-41.8,4.865,5228.1,"admin.","single","high.school","no","jun","mon","no"
50,705,7,1.4,94.465,-41.8,4.959,5228.1,"technician","married","professional.course","yes","jun","fri","yes"
46,398,3,1.4,93.444,-36.1,4.963,5228.1,"blue-collar","married","basic.6y","no","aug","tue","no"
29,95,2,-2.9,92.963,-40.8,1.268,5076.2,"student","single","professional.course","no","jun","fri","no"
61,165,2,-1.8,93.749,-34.6,0.659,5008.7,"retired","married","basic.9y","no","apr","thu","no"
39,88,3,-1.8,93.075,-47.1,1.453,5099.1,"technician","married","basic.6y","no","apr","tue","no"
44,296,1,-1.8,92.893,-46.2,1.291,5099.1,"management","married","basic.9y","no","may","tue","no"
31,409,2,1.4,93.444,-36.1,4.965,5228.1,"technician","married","professional.course","no","aug","wed","no"
54,58,3,-1.8,93.075,-47.1,1.405,5099.1,"technician","married","high.school","no","apr","mon","no"
31,232,1,-0.1,93.2,-42,4.076,5195.8,"technician","married","high.school","yes","nov","thu","no"
55,543,3,-1.8,92.893,-46.2,1.25,5099.1,"technician","married","professional.course","yes","may","fri","no"
49,55,1,-0.1,93.2,-42,4.12,5195.8,"blue-collar","divorced","basic.6y","no","nov","wed","no"
44,955,2,-1.8,92.893,-46.2,1.344,5099.1,"entrepreneur","married","basic.4y","no","may","tue","yes"
28,292,3,1.4,93.918,-42.7,4.957,5228.1,"management","single","university.degree","no","jul","fri","no"
31,142,1,-3.4,92.431,-26.9,0.722,5017.5,"admin.","married","high.school","no","oct","thu","yes"
27,54,1,-1.8,93.876,-40,0.672,5008.7,"student","married","high.school","no","may","wed","no"
45,124,3,1.4,94.465,-41.8,4.967,5228.1,"technician","married","professional.course","no","jun","fri","no"
28,549,1,-1.8,92.893,-46.2,1.334,5099.1,"blue-collar","married","basic.9y","no","may","wed","no"
51,89,2,-1.8,93.075,-47.1,1.372,5099.1,"blue-collar","married","basic.6y","no","apr","wed","no"
56,1551,1,-3.4,92.379,-29.8,0.762,5017.5,"unemployed","married","professional.course","no","sep","fri","no"
52,165,1,-0.1,93.2,-42,4.021,5195.8,"admin.","married","high.school","no","nov","fri","no"
33,124,2,-1.8,93.075,-47.1,1.405,5099.1,"technician","single","high.school","no","apr","fri","no"
34,23,1,1.1,93.994,-36.4,4.86,5191,"blue-collar","married","basic.4y","yes","may","thu","no"
38,64,1,-3.4,92.649,-30.1,0.715,5017.5,"admin.","married","university.degree","no","nov","tue","yes"
36,167,1,1.4,93.444,-36.1,4.966,5228.1,"technician","married","university.degree","no","aug","fri","no"
32,645,4,1.4,93.444,-36.1,4.966,5228.1,"technician","single","university.degree","no","aug","tue","yes"
35,1259,6,1.4,93.918,-42.7,4.963,5228.1,"blue-collar","married","basic.9y","no","jul","wed","no"
30,212,6,1.1,93.994,-36.4,4.86,5191,"technician","married","high.school","no","may","thu","no"
36,23,14,1.4,93.444,-36.1,4.965,5228.1,"housemaid","married","basic.4y",NA,"aug","tue","no"
32,271,5,1.4,93.918,-42.7,4.963,5228.1,"technician","married","basic.9y","no","jul","fri","no"
34,228,3,-0.1,93.2,-42,4.12,5195.8,"management","married","high.school","no","nov","wed","no"
27,81,4,1.4,93.918,-42.7,4.961,5228.1,"blue-collar","single",NA,NA,"jul","tue","no"
38,319,4,1.4,93.918,-42.7,4.962,5228.1,"blue-collar","married","basic.9y",NA,"jul","tue","no"
39,32,1,1.1,93.994,-36.4,4.856,5191,"blue-collar","divorced","basic.6y","yes","may","wed","no"
44,775,5,-1.8,92.893,-46.2,1.354,5099.1,"self-employed","single","professional.course","no","may","mon","yes"
37,73,3,1.1,93.994,-36.4,4.86,5191,"services","married","high.school","yes","may","thu","no"
50,59,4,-0.1,93.2,-42,4.076,5195.8,"self-employed","divorced","university.degree","no","nov","thu","no"
56,49,2,1.4,94.465,-41.8,4.967,5228.1,"technician","married",NA,"no","jun","fri","no"
30,274,4,1.1,93.994,-36.4,4.856,5191,"services","married",NA,"no","may","wed","no"
32,485,1,-0.1,93.2,-42,4.076,5195.8,"technician","single","university.degree","no","nov","thu","no"
26,149,2,1.4,93.918,-42.7,4.96,5228.1,"housemaid","married","basic.4y","no","jul","mon","no"
26,159,2,1.4,93.918,-42.7,4.96,5228.1,"blue-collar","married","basic.9y","no","jul","mon","no"
25,112,1,-2.9,92.469,-33.6,1.044,5076.2,"student","single","high.school","no","jul","tue","no"
40,118,1,-0.1,93.2,-42,4.12,5195.8,"technician","married","high.school","no","nov","wed","no"
35,167,2,1.4,93.918,-42.7,4.96,5228.1,"admin.","single","university.degree","no","jul","mon","no"
26,223,2,1.4,94.465,-41.8,4.961,5228.1,"admin.","single","high.school","no","jun","mon","no"
38,195,2,-2.9,92.469,-33.6,0.914,5076.2,"admin.","single","university.degree","no","jul","mon","no"
33,195,1,1.4,93.444,-36.1,4.963,5228.1,"admin.","single","high.school","no","aug","tue","no"
30,244,3,-1.8,93.075,-47.1,1.415,5099.1,"management","single","university.degree","no","apr","wed","no"
65,89,2,-2.9,92.963,-40.8,1.266,5076.2,"housemaid","married","basic.4y","no","jun","mon","no"
39,43,9,1.1,93.994,-36.4,4.86,5191,"entrepreneur","single","university.degree","no","may","thu","no"
34,252,3,1.4,94.465,-41.8,4.961,5228.1,"admin.","married","basic.9y","no","jun","mon","no"
38,97,1,1.4,93.444,-36.1,4.965,5228.1,"technician","single","high.school","yes","aug","tue","no"
55,89,4,1.4,94.465,-41.8,4.962,5228.1,"management","single","basic.4y","no","jun","wed","no"
32,891,4,1.4,93.918,-42.7,4.96,5228.1,"services","married","basic.4y","no","jul","mon","yes"
71,363,1,-1.1,94.199,-37.5,0.879,4963.6,"retired","married","high.school","no","sep","mon","yes"
49,135,1,-1.8,92.893,-46.2,1.266,5099.1,"blue-collar","married","basic.9y","no","may","tue","no"
32,342,3,-1.8,92.893,-46.2,1.344,5099.1,"management","divorced","university.degree","no","may","tue","no"
52,175,1,1.1,93.994,-36.4,4.857,5191,"self-employed","married","university.degree","no","may","mon","no"
30,229,4,1.4,93.918,-42.7,4.963,5228.1,"management","married","university.degree","yes","jul","wed","no"
34,208,4,-1.8,92.893,-46.2,1.313,5099.1,"blue-collar","married","university.degree","yes","may","fri","no"
54,253,3,1.1,93.994,-36.4,4.86,5191,"blue-collar","single","basic.4y","no","may","thu","no"
33,214,2,-0.1,93.2,-42,4.076,5195.8,"admin.","divorced","university.degree","no","nov","thu","no"
47,475,2,-0.1,93.2,-42,4.12,5195.8,"housemaid","divorced","basic.4y","yes","nov","wed","no"
51,113,2,-1.8,92.893,-46.2,1.327,5099.1,"services","married","professional.course","no","may","thu","no"
33,220,4,1.4,94.465,-41.8,4.961,5228.1,"technician","married","professional.course","no","jun","mon","no"
28,136,1,1.4,93.918,-42.7,4.962,5228.1,"technician","divorced","university.degree","no","jul","wed","no"
32,184,4,-1.8,92.893,-46.2,1.299,5099.1,"entrepreneur","married","basic.9y","no","may","mon","no"
27,101,3,1.4,93.918,-42.7,4.962,5228.1,"admin.","married","high.school","yes","jul","mon","no"
48,94,4,1.4,94.465,-41.8,4.967,5228.1,"admin.","divorced","university.degree","no","jun","fri","no"
38,270,4,-1.8,92.893,-46.2,1.334,5099.1,"self-employed","married","basic.9y","no","may","wed","no"
35,636,1,1.4,94.465,-41.8,4.866,5228.1,"blue-collar","married","basic.4y","no","jun","thu","no"
22,94,2,-2.9,92.963,-40.8,1.26,5076.2,"services","single","high.school","no","jun","mon","no"
23,9,6,-1.8,92.893,-46.2,1.266,5099.1,"housemaid","single","basic.4y","yes","may","thu","no"
54,204,1,-2.9,92.201,-31.4,0.849,5076.2,"admin.","married","university.degree","yes","aug","fri","yes"
32,195,3,-1.8,92.893,-46.2,1.281,5099.1,"technician","married","high.school","no","may","wed","no"
28,101,2,1.1,93.994,-36.4,4.857,5191,"blue-collar","single","basic.4y","no","may","mon","no"
33,155,1,1.4,94.465,-41.8,4.958,5228.1,"blue-collar","divorced","basic.9y","no","jun","thu","no"
47,58,1,-0.1,93.2,-42,4.191,5195.8,"admin.","married","university.degree","no","nov","mon","no"
43,110,17,1.4,94.465,-41.8,4.866,5228.1,"services","married","basic.9y","no","jun","thu","no"
30,531,1,-0.1,93.2,-42,4.076,5195.8,"entrepreneur","single","university.degree","no","nov","thu","yes"
30,31,2,1.4,93.918,-42.7,4.963,5228.1,"technician","married","university.degree","no","jul","wed","no"
58,374,1,1.4,93.918,-42.7,4.963,5228.1,"retired","married","basic.4y","no","jul","wed","no"
57,374,1,-1.8,93.075,-47.1,1.365,5099.1,"retired","married","university.degree","no","apr","thu","no"
59,458,9,1.4,93.918,-42.7,4.962,5228.1,"unemployed","married","basic.4y","no","jul","thu","yes"
37,442,1,-1.8,92.893,-46.2,1.244,5099.1,"admin.","divorced","university.degree","no","may","mon","yes"
52,81,2,-1.8,92.893,-46.2,1.313,5099.1,"admin.","married","high.school","yes","may","fri","no"
37,227,9,1.1,93.994,-36.4,4.856,5191,"services","single","high.school","no","may","tue","no"
56,252,1,-2.9,92.963,-40.8,1.26,5076.2,"retired","married","university.degree","no","jun","wed","no"
34,58,1,-1.8,92.893,-46.2,1.266,5099.1,"housemaid","married","university.degree","no","may","tue","no"
40,197,1,-1.8,92.893,-46.2,1.334,5099.1,"services","single","high.school","no","may","wed","no"
28,525,1,1.4,94.465,-41.8,4.864,5228.1,"blue-collar","single","basic.9y","no","jun","wed","no"
42,50,2,-1.8,92.893,-46.2,1.266,5099.1,"technician","married","professional.course","yes","may","thu","no"
32,24,1,-1.8,93.075,-47.1,1.405,5099.1,"admin.","married","high.school","yes","apr","mon","no"
40,85,1,1.4,93.444,-36.1,4.964,5228.1,"technician","single","high.school","no","aug","fri","no"
46,329,2,-1.7,94.027,-38.3,0.904,4991.6,"admin.","single","high.school","no","aug","thu","no"
46,196,2,1.1,93.994,-36.4,4.856,5191,"blue-collar","married","basic.6y","no","may","wed","no"
41,129,2,1.1,93.994,-36.4,4.856,5191,"management","married","high.school","yes","may","tue","no"
41,72,1,1.4,93.918,-42.7,4.963,5228.1,"entrepreneur","divorced","professional.course","no","jul","thu","no"
37,340,3,1.4,93.918,-42.7,4.962,5228.1,"blue-collar","married","professional.course","no","jul","mon","no"
46,98,6,1.4,93.918,-42.7,4.961,5228.1,"admin.","married","high.school","no","jul","tue","no"
47,183,3,-0.1,93.2,-42,4.021,5195.8,"technician","married","high.school","no","nov","fri","no"
32,255,1,1.4,93.918,-42.7,4.963,5228.1,"technician","married","professional.course","no","jul","thu","yes"
45,221,1,1.1,93.994,-36.4,4.857,5191,"services","married","professional.course","no","may","mon","no"
59,29,9,1.1,93.994,-36.4,4.86,5191,"admin.","married","university.degree","yes","may","thu","no"
36,184,2,1.1,93.994,-36.4,4.86,5191,"admin.","married","university.degree","yes","may","thu","no"
58,81,1,1.4,93.918,-42.7,4.961,5228.1,"retired","married","basic.4y","no","jul","tue","no"
30,180,1,1.4,93.444,-36.1,4.963,5228.1,"admin.","single","university.degree","no","aug","thu","no"
34,264,4,-1.8,92.893,-46.2,1.291,5099.1,"blue-collar","married","basic.9y","no","may","tue","no"
43,534,1,1.4,93.918,-42.7,4.958,5228.1,"technician","single","university.degree","no","jul","thu","no"
26,1447,2,-1.8,92.843,-50,1.811,5099.1,"student","single","basic.9y","no","mar","mon","yes"
47,108,2,1.4,93.918,-42.7,4.962,5228.1,"technician","single","professional.course","no","jul","mon","no"
34,266,4,1.4,94.465,-41.8,4.961,5228.1,"blue-collar","married","basic.9y","no","jun","thu","no"
34,63,1,-1.8,92.893,-46.2,1.281,5099.1,"technician","single","high.school","no","may","wed","no"
38,182,3,1.4,93.918,-42.7,4.96,5228.1,"admin.","married","professional.course","no","jul","mon","no"
31,50,2,-1.8,92.893,-46.2,1.327,5099.1,"services","single","high.school","yes","may","thu","no"
40,105,1,1.1,93.994,-36.4,4.86,5191,"technician","married","professional.course","no","may","thu","no"
36,140,1,-1.8,93.075,-47.1,1.405,5099.1,"admin.","single","high.school","no","apr","fri","no"
35,146,2,-1.8,92.893,-46.2,1.299,5099.1,"technician","single","professional.course",NA,"may","mon","no"
33,118,3,1.4,93.444,-36.1,4.963,5228.1,"admin.","married","university.degree","no","aug","tue","no"
53,372,2,-1.8,93.075,-47.1,1.405,5099.1,"housemaid","married","basic.6y",NA,"apr","mon","no"
58,272,4,-1.1,94.199,-37.5,0.878,4963.6,"admin.","married","university.degree","no","sep","thu","yes"
54,101,1,-3.4,92.649,-30.1,0.719,5017.5,"blue-collar","married","basic.9y","yes","nov","wed","no"
43,128,22,1.4,93.918,-42.7,4.962,5228.1,"admin.","married","high.school","no","jul","mon","no"
28,69,1,-1.8,93.075,-47.1,1.405,5099.1,"admin.","single","university.degree","no","apr","fri","no"
32,457,1,-1.8,92.893,-46.2,1.25,5099.1,"technician","single","university.degree","no","may","fri","no"
31,90,1,-0.1,93.2,-42,4.191,5195.8,"services","divorced","high.school","yes","nov","mon","no"
28,289,1,1.4,93.918,-42.7,4.962,5228.1,"services","married","high.school","no","jul","tue","no"
56,178,2,-3.4,92.649,-30.1,0.716,5017.5,"technician","divorced","university.degree","no","nov","fri","yes"
33,578,1,-1.8,92.893,-46.2,1.266,5099.1,"management","married","professional.course","no","may","thu","yes"
32,290,4,-1.1,94.199,-37.5,0.879,4963.6,"admin.","single","university.degree","no","sep","mon","no"
28,326,1,-1.8,92.893,-46.2,1.266,5099.1,"technician","single","university.degree","no","may","tue","yes"
28,273,5,1.4,94.465,-41.8,4.96,5228.1,"blue-collar","married","basic.6y","no","jun","mon","no"
35,121,4,1.1,93.994,-36.4,4.855,5191,NA,"single","basic.4y","no","may","fri","no"
53,148,2,1.1,93.994,-36.4,4.857,5191,"admin.","single","basic.6y","yes","may","mon","no"
44,159,1,1.4,94.465,-41.8,4.864,5228.1,"blue-collar","single","basic.4y","no","jun","tue","no"
28,149,2,1.4,94.465,-41.8,4.961,5228.1,"blue-collar","married","basic.4y","no","jun","mon","no"
38,181,1,1.1,93.994,-36.4,4.856,5191,"blue-collar","married",NA,"yes","may","wed","no"
58,114,1,1.4,93.918,-42.7,4.961,5228.1,"retired","married","basic.4y","no","jul","tue","no"
33,63,3,1.4,93.444,-36.1,4.965,5228.1,"admin.","married","university.degree","no","aug","mon","no"
42,212,1,-1.8,92.893,-46.2,1.299,5099.1,"blue-collar","married","basic.4y","no","may","mon","no"
48,725,1,-1.8,92.893,-46.2,1.291,5099.1,"management","married","basic.9y","no","may","tue","yes"
36,263,3,1.1,93.994,-36.4,4.86,5191,"admin.","married","high.school","no","may","thu","no"
38,403,2,-1.1,94.767,-50.8,1.03,4963.6,"housemaid","divorced","university.degree","no","nov","wed","yes"
42,326,1,1.1,93.994,-36.4,4.857,5191,"blue-collar","married","basic.9y","no","may","tue","no"
29,105,2,-1.8,93.075,-47.1,1.41,5099.1,"services","single","basic.9y","no","apr","thu","no"
49,219,12,1.4,93.918,-42.7,4.968,5228.1,"technician","married","professional.course","no","jul","thu","no"
54,100,17,1.4,94.465,-41.8,4.96,5228.1,"entrepreneur","married","university.degree","no","jun","mon","no"
45,168,1,1.4,93.918,-42.7,4.957,5228.1,"blue-collar","divorced","basic.4y","no","jul","fri","no"
48,291,1,1.4,94.465,-41.8,4.864,5228.1,"blue-collar","married","basic.4y","yes","jun","tue","no"
56,442,2,1.4,93.918,-42.7,4.961,5228.1,"management","married","university.degree","no","jul","tue","no"
33,240,1,-0.1,93.2,-42,4.076,5195.8,"admin.","married","university.degree","no","nov","thu","no"
37,117,1,1.4,93.918,-42.7,4.958,5228.1,"blue-collar","married","basic.9y","no","jul","thu","no"
49,155,2,1.4,93.444,-36.1,4.964,5228.1,"unemployed","married","basic.4y","no","aug","wed","no"
48,69,1,1.4,93.444,-36.1,4.968,5228.1,"technician","divorced","professional.course","no","aug","tue","no"
56,687,2,1.4,93.444,-36.1,4.964,5228.1,"retired","married","basic.4y","no","aug","wed","no"
31,70,3,1.4,93.918,-42.7,4.962,5228.1,"blue-collar","single","basic.9y","yes","jul","thu","no"
41,54,1,1.4,93.444,-36.1,4.968,5228.1,"technician","single","professional.course","no","aug","tue","no"
31,135,2,1.4,94.465,-41.8,4.864,5228.1,"admin.","married","high.school","yes","jun","wed","no"
46,273,4,1.1,93.994,-36.4,4.856,5191,"services","married","professional.course","no","may","tue","no"
33,132,1,1.4,93.918,-42.7,4.961,5228.1,"blue-collar","married","basic.9y","no","jul","tue","no"
38,309,1,-0.1,93.2,-42,4.076,5195.8,"admin.","married","high.school",NA,"nov","thu","no"
29,259,1,1.4,93.918,-42.7,4.963,5228.1,"technician","single","university.degree","no","jul","wed","no"
31,210,2,-0.1,93.2,-42,4.076,5195.8,"admin.","married","university.degree","no","nov","thu","no"
21,286,2,-1.7,94.055,-39.8,0.767,4991.6,"student","single","high.school","yes","jun","wed","yes"
51,131,2,-1.8,93.876,-40,0.697,5008.7,"management","married","university.degree","no","may","mon","no"
38,26,3,1.1,93.994,-36.4,4.86,5191,"admin.","married","high.school","no","may","thu","no"
45,27,2,1.4,93.444,-36.1,4.963,5228.1,"admin.","married","university.degree","no","aug","fri","no"
39,74,1,-0.1,93.2,-42,4.191,5195.8,"unemployed","married","university.degree","no","nov","mon","no"
44,175,2,-2.9,92.201,-31.4,0.883,5076.2,"management","married","university.degree","no","aug","tue","yes"
28,454,6,-3,92.713,-33,0.71,5023.5,"admin.","single","university.degree","yes","dec","fri","no"
32,160,2,-1.8,92.893,-46.2,1.344,5099.1,"management","divorced","university.degree","yes","may","tue","no"
33,291,1,-1.1,94.601,-49.5,0.977,4963.6,"services","married","professional.course","no","oct","mon","no"
52,578,1,-0.1,93.2,-42,4.191,5195.8,"management","divorced","university.degree","no","nov","mon","no"
29,139,2,1.4,93.444,-36.1,4.963,5228.1,"management","single","university.degree","no","aug","tue","no"
27,161,1,1.4,94.465,-41.8,4.864,5228.1,"self-employed","single","university.degree","yes","jun","wed","no"
53,63,1,-0.1,93.2,-42,4.12,5195.8,"management","married","basic.4y","no","nov","wed","no"
28,223,3,-1.1,94.767,-50.8,1.048,4963.6,"services","married","high.school","no","nov","wed","no"
48,544,1,-1.7,94.027,-38.3,0.904,4991.6,"admin.","divorced","university.degree","no","aug","thu","yes"
43,179,1,-0.1,93.2,-42,4.191,5195.8,"management","married","university.degree","no","nov","mon","no"
58,216,2,1.4,93.918,-42.7,4.961,5228.1,"retired","married","basic.4y","no","jul","tue","no"
49,182,12,1.4,93.918,-42.7,4.962,5228.1,"management","married","university.degree","no","jul","mon","no"
48,750,2,1.1,93.994,-36.4,4.86,5191,"self-employed","married","university.degree","no","may","thu","no"
52,136,2,1.1,93.994,-36.4,4.859,5191,"blue-collar","married","basic.4y","no","may","fri","no"
42,301,1,-1.8,92.893,-46.2,1.334,5099.1,"technician","married","university.degree","no","may","wed","no"
39,504,4,1.1,93.994,-36.4,4.856,5191,"blue-collar","married","basic.9y","no","may","tue","yes"
38,107,3,1.1,93.994,-36.4,4.857,5191,NA,"divorced","high.school","no","may","wed","no"
35,372,2,-0.1,93.2,-42,4.153,5195.8,"blue-collar","married","basic.6y","no","nov","tue","no"
34,369,2,-1.8,92.893,-46.2,1.344,5099.1,"services",NA,"high.school","yes","may","tue","no"
35,225,2,-1.8,93.075,-47.1,1.415,5099.1,"technician","married","professional.course","no","apr","wed","no"
32,287,1,1.1,93.994,-36.4,4.858,5191,"blue-collar","divorced","basic.9y","no","may","mon","no"
28,113,1,-1.8,92.893,-46.2,1.244,5099.1,"blue-collar","single","professional.course","no","may","mon","no"
32,1067,2,-0.1,93.2,-42,4.021,5195.8,"management","married","university.degree","yes","nov","fri","no"
45,333,1,1.4,94.465,-41.8,4.866,5228.1,"blue-collar","married","basic.6y","no","jun","thu","no"
31,104,7,1.4,93.918,-42.7,4.963,5228.1,"unemployed","divorced","university.degree","yes","jul","wed","no"
32,256,1,1.4,93.444,-36.1,4.963,5228.1,"admin.","single","university.degree","no","aug","fri","no"
41,327,2,1.4,94.465,-41.8,4.866,5228.1,"blue-collar","married","basic.9y","yes","jun","thu","no"
41,130,4,1.1,93.994,-36.4,4.856,5191,"entrepreneur","married","university.degree","no","may","wed","no"
29,139,1,1.4,93.444,-36.1,4.963,5228.1,"admin.","single","university.degree","no","aug","thu","no"
37,415,1,1.1,93.994,-36.4,4.857,5191,"management","single","university.degree","no","may","fri","no"
27,784,1,1.4,93.918,-42.7,4.962,5228.1,"technician","single","high.school","no","jul","fri","yes"
55,336,1,-1.8,92.893,-46.2,1.244,5099.1,"services","married","high.school","no","may","mon","no"
33,286,2,-1.7,94.055,-39.8,0.761,4991.6,"admin.","married","university.degree","no","jun","tue","no"
42,127,1,1.4,93.444,-36.1,4.964,5228.1,"admin.","single","high.school","no","aug","wed","no"
49,283,3,1.1,93.994,-36.4,4.859,5191,"blue-collar","married","basic.9y","no","may","fri","no"
45,143,2,-1.8,92.843,-50,1.538,5099.1,"technician","single","professional.course","yes","mar","thu","no"
35,200,4,-1.8,92.893,-46.2,1.291,5099.1,"admin.","single","high.school","yes","may","tue","no"
40,387,4,1.1,93.994,-36.4,4.86,5191,"admin.","married",NA,"no","may","thu","no"
45,427,4,-1.8,93.075,-47.1,1.423,5099.1,"blue-collar","married","basic.9y","no","apr","tue","no"
29,168,3,1.1,93.994,-36.4,4.859,5191,"blue-collar","married","basic.6y","yes","may","wed","no"
34,455,3,1.4,93.444,-36.1,4.967,5228.1,"technician","single","university.degree","yes","aug","wed","yes"
41,160,2,1.1,93.994,-36.4,4.857,5191,"blue-collar","divorced","basic.6y","no","may","fri","no"
38,141,1,-1.8,93.369,-34.8,0.655,5008.7,"blue-collar","single","high.school","no","mar","wed","yes"
26,342,5,1.4,93.918,-42.7,4.963,5228.1,"admin.","single","university.degree","no","jul","wed","no"
52,26,5,-0.1,93.2,-42,4.076,5195.8,"self-employed","divorced","basic.9y","no","nov","thu","no"
37,166,4,1.1,93.994,-36.4,4.857,5191,"admin.","married","high.school","no","may","mon","no"
31,32,2,-1.8,92.893,-46.2,1.244,5099.1,"services","married","high.school","no","may","mon","no"
28,262,1,1.1,93.994,-36.4,4.855,5191,"blue-collar","married","basic.6y","no","may","thu","no"
51,310,3,-0.1,93.2,-42,4.076,5195.8,"self-employed","married","university.degree","yes","nov","thu","no"
39,297,1,-1.8,93.075,-47.1,1.405,5099.1,"admin.","single","high.school","no","apr","fri","no"
30,77,9,1.4,93.444,-36.1,4.963,5228.1,"admin.","divorced","university.degree","no","aug","fri","no"
76,352,1,-1.7,94.055,-39.8,0.761,4991.6,"retired","married","professional.course","no","jun","tue","yes"
43,269,3,1.1,93.994,-36.4,4.857,5191,"blue-collar","married","basic.4y","no","may","tue","no"
36,115,3,-1.8,92.893,-46.2,1.327,5099.1,"blue-collar","married","basic.9y","no","may","thu","no"
39,387,1,-3,92.713,-33,0.706,5023.5,"unemployed","single","university.degree","no","dec","mon","yes"
37,100,1,-2.9,92.963,-40.8,1.262,5076.2,"unemployed",NA,"university.degree","no","jun","tue","no"
34,210,2,1.1,93.994,-36.4,4.858,5191,"blue-collar","married","professional.course","no","may","mon","no"
51,487,2,1.1,93.994,-36.4,4.856,5191,"blue-collar","married","basic.9y",NA,"may","tue","no"
66,211,1,-1.7,94.215,-40.3,0.896,4991.6,"retired","divorced","high.school","no","jul","wed","no"
42,353,1,1.4,93.444,-36.1,4.966,5228.1,"admin.","single","university.degree","no","aug","fri","no"
37,122,1,1.4,93.918,-42.7,4.957,5228.1,"services","divorced","basic.9y","no","jul","wed","no"
31,152,1,1.4,93.918,-42.7,4.963,5228.1,"blue-collar","married","basic.9y","no","jul","wed","no"
58,84,3,1.4,93.444,-36.1,4.967,5228.1,"housemaid","married","basic.4y","no","aug","wed","no"
31,191,1,1.4,93.444,-36.1,4.966,5228.1,"technician","single","high.school","no","aug","tue","no"
31,363,2,1.1,93.994,-36.4,4.857,5191,"blue-collar","married","basic.4y","no","may","mon","no"
36,146,1,-3.4,92.431,-26.9,0.742,5017.5,"admin.","single","university.degree","no","oct","wed","no"
30,243,1,1.4,93.444,-36.1,4.97,5228.1,"admin.","married","university.degree","no","aug","mon","no"
43,180,5,1.1,93.994,-36.4,4.856,5191,"blue-collar","married","basic.4y","no","may","wed","no"
32,144,1,1.4,93.918,-42.7,4.963,5228.1,"admin.","married","university.degree","no","jul","thu","no"
34,359,1,1.1,93.994,-36.4,4.856,5191,"admin.","single","high.school","no","may","wed","no"
35,102,3,1.1,93.994,-36.4,4.855,5191,"technician","divorced","professional.course","yes","may","fri","no"
41,150,2,-1.8,93.075,-47.1,1.405,5099.1,"blue-collar","married","basic.4y","no","apr","fri","no"
38,191,1,-1.8,92.893,-46.2,1.313,5099.1,"admin.","single",NA,"no","may","fri","no"
37,1009,5,1.4,93.918,-42.7,4.962,5228.1,"admin.","married","university.degree","no","jul","mon","yes"
52,249,1,-1.8,93.075,-47.1,1.445,5099.1,"blue-collar","married","basic.4y","no","apr","wed","no"
43,221,2,-1.8,92.893,-46.2,1.244,5099.1,"blue-collar","married","basic.4y","no","may","mon","no"
57,187,1,-2.9,92.201,-31.4,0.834,5076.2,"retired","married","university.degree","no","aug","wed","no"
37,171,1,1.4,93.918,-42.7,4.963,5228.1,"self-employed","married","basic.9y","yes","jul","thu","no"
47,204,6,1.4,93.444,-36.1,4.966,5228.1,"admin.","divorced","high.school","no","aug","tue","no"
24,722,3,1.4,93.918,-42.7,4.96,5228.1,"admin.","single","high.school","no","jul","mon","no"
44,12,1,-1.7,94.215,-40.3,0.861,4991.6,"admin.","single","high.school","yes","jul","fri","no"
40,85,2,1.1,93.994,-36.4,4.856,5191,"blue-collar","married","basic.6y","no","may","tue","no"
44,76,3,1.4,94.465,-41.8,4.96,5228.1,NA,"single","basic.9y","no","jun","mon","no"
35,262,3,-1.8,92.893,-46.2,1.299,5099.1,"technician","married","university.degree","no","may","mon","no"
31,406,2,1.4,94.465,-41.8,4.864,5228.1,"blue-collar","married","basic.6y","no","jun","wed","no"
52,346,3,1.1,93.994,-36.4,4.855,5191,"blue-collar","married","basic.9y","no","may","fri","no"
35,95,1,-0.1,93.2,-42,4.153,5195.8,"admin.","married","high.school","no","nov","tue","no"
44,153,3,-1.7,94.027,-38.3,0.9,4991.6,"services","divorced","basic.6y","no","aug","wed","yes"
35,634,2,1.1,93.994,-36.4,4.858,5191,"blue-collar","married","professional.course","yes","may","wed","no"
52,183,1,1.4,93.918,-42.7,4.962,5228.1,"services","married","high.school","no","jul","wed","no"
32,16,11,1.1,93.994,-36.4,4.857,5191,"admin.","single","professional.course","no","may","mon","no"
30,988,1,1.4,93.918,-42.7,4.963,5228.1,"blue-collar","married","basic.9y","no","jul","wed","yes"
41,898,2,1.4,93.444,-36.1,4.963,5228.1,"technician","married","professional.course","yes","aug","thu","no"
27,192,1,1.4,93.918,-42.7,4.962,5228.1,"admin.","single","high.school","no","jul","tue","no"
31,70,8,1.4,94.465,-41.8,4.961,5228.1,"blue-collar","married","professional.course","no","jun","tue","no"
55,156,1,-3.4,92.431,-26.9,0.728,5017.5,"unemployed","married","basic.9y","no","oct","tue","no"
48,210,2,-0.1,93.2,-42,4.12,5195.8,"admin.","single","university.degree","no","nov","wed","no"
30,27,7,1.4,94.465,-41.8,4.866,5228.1,"management","single","university.degree","no","jun","thu","no"
24,57,1,1.4,93.918,-42.7,4.963,5228.1,"student","single","basic.4y","yes","jul","fri","no"
35,149,4,1.4,93.918,-42.7,4.962,5228.1,"blue-collar","married","high.school","yes","jul","mon","no"
31,20,12,1.1,93.994,-36.4,4.856,5191,"unemployed","single","professional.course","no","may","tue","no"
52,188,3,1.4,93.918,-42.7,4.958,5228.1,"housemaid","single","university.degree","no","jul","thu","no"
35,690,1,-0.1,93.2,-42,4.191,5195.8,"admin.","married","university.degree","no","nov","mon","no"
38,121,5,1.4,93.918,-42.7,4.961,5228.1,"self-employed","married","high.school","no","jul","tue","no"
51,259,1,-0.1,93.2,-42,4.076,5195.8,"retired","married","basic.9y","no","nov","thu","no"
55,349,1,1.1,93.994,-36.4,4.857,5191,"technician","married","university.degree","no","may","mon","no"
56,941,3,1.4,94.465,-41.8,4.864,5228.1,"management","married","basic.9y","no","jun","tue","yes"
33,106,2,-1.8,93.075,-47.1,1.435,5099.1,"technician","single","university.degree","no","apr","thu","no"
57,124,6,-1.1,94.767,-50.8,1.031,4963.6,"retired","married","professional.course","no","nov","thu","no"
43,164,2,1.1,93.994,-36.4,4.858,5191,"admin.","married","high.school",NA,"may","wed","no"
55,482,1,1.4,93.444,-36.1,4.968,5228.1,"admin.","married","professional.course","yes","aug","tue","no"
42,153,1,1.4,93.444,-36.1,4.963,5228.1,"admin.","divorced","university.degree","yes","aug","fri","no"
39,36,6,-1.8,92.893,-46.2,1.354,5099.1,"admin.","married","university.degree","no","may","mon","no"
67,300,3,-1.7,94.027,-38.3,0.898,4991.6,"retired","married","basic.4y","no","aug","mon","no"
37,58,3,-1.8,92.893,-46.2,1.299,5099.1,"services","married","high.school","no","may","mon","no"
48,438,2,1.4,93.918,-42.7,4.963,5228.1,"entrepreneur","married","basic.9y","no","jul","wed","no"
44,111,1,1.4,93.444,-36.1,4.964,5228.1,"admin.","married","high.school","no","aug","fri","no"
56,213,4,1.1,93.994,-36.4,4.857,5191,"admin.","married","university.degree","no","may","fri","no"
57,231,3,1.4,93.918,-42.7,4.962,5228.1,"admin.","married","university.degree","yes","jul","mon","no"
45,800,2,1.4,93.918,-42.7,4.962,5228.1,"admin.","divorced","high.school","no","jul","fri","no"
31,43,1,-1.8,92.893,-46.2,1.281,5099.1,"unemployed","married","basic.9y","no","may","wed","no"
56,368,5,1.4,93.918,-42.7,4.961,5228.1,"blue-collar","married","basic.4y","no","jul","tue","no"
50,73,2,1.4,93.444,-36.1,4.965,5228.1,"admin.","divorced","university.degree","no","aug","tue","no"
35,87,1,1.1,93.994,-36.4,4.856,5191,"services","married","high.school","no","may","tue","no"
56,422,1,-1.8,93.075,-47.1,1.405,5099.1,"blue-collar",NA,"basic.4y","no","apr","fri","no"
33,61,2,-3.4,92.431,-26.9,0.731,5017.5,"admin.","single","high.school","no","oct","mon","no"
43,305,2,1.1,93.994,-36.4,4.855,5191,"unemployed","married","basic.9y","no","may","thu","no"
37,51,4,-1.8,92.893,-46.2,1.334,5099.1,"admin.","single","university.degree","no","may","wed","no"
32,77,2,-0.1,93.2,-42,4.153,5195.8,"technician","single","university.degree","no","nov","tue","no"
38,17,3,1.4,94.465,-41.8,4.959,5228.1,"services","married","basic.9y",NA,"jun","fri","no"
36,324,5,1.4,94.465,-41.8,4.959,5228.1,"blue-collar","married","professional.course","no","jun","fri","no"
36,155,11,1.4,93.444,-36.1,4.964,5228.1,"admin.","married","university.degree","no","aug","wed","no"
42,84,2,1.4,93.918,-42.7,4.962,5228.1,"self-employed","married","university.degree","no","jul","mon","no"
76,344,1,-2.9,92.201,-31.4,0.873,5076.2,"retired","married","university.degree","no","aug","thu","no"
35,131,1,1.4,93.444,-36.1,4.965,5228.1,"admin.","single","university.degree","no","aug","tue","no"
34,347,1,-1.8,92.893,-46.2,1.299,5099.1,"technician","married","high.school","no","may","mon","no"
37,316,2,1.4,93.918,-42.7,4.961,5228.1,"admin.","single","high.school","no","jul","tue","no"
36,243,1,-2.9,92.469,-33.6,1.029,5076.2,"technician","single","high.school","no","jul","wed","no"
32,486,1,-0.1,93.2,-42,4.343,5195.8,"unemployed","married","professional.course","no","nov","tue","yes"
46,124,3,1.4,93.918,-42.7,4.968,5228.1,"technician","married","university.degree","no","jul","thu","no"
40,34,3,1.1,93.994,-36.4,4.857,5191,"technician","married","basic.9y","no","may","tue","no"
50,82,2,1.4,94.465,-41.8,4.967,5228.1,"entrepreneur","married","basic.9y","no","jun","fri","no"
48,288,1,-0.1,93.2,-42,4.12,5195.8,"admin.","married","university.degree","no","nov","wed","no"
44,341,2,1.4,93.444,-36.1,4.97,5228.1,"services","married","professional.course","no","aug","mon","no"
41,213,2,1.1,93.994,-36.4,4.857,5191,"management","married","university.degree","no","may","mon","no"
32,549,2,1.4,93.918,-42.7,4.96,5228.1,"admin.","married","high.school","no","jul","mon","no"
